Name_GeneSymbol,AI,AI_Pval,CG,CG_Pval,DLPFC,DLPFC_Pval,NAC,NAC_Pval,OFC,OFC_Pval,SUB,SUB_Pval
UBR7,0.584401179,0.35155451,0,0,0,0,0,0,0,0,0.404075992,0.670255621
ADRB2,0.579903601,0.169317011,0.571939924,0.111576341,0.291407444,0.49615867,0.351766191,0.297076791,0.494229494,0.253572486,0.366419747,0.31251059
INTS3,0.558080306,0.357588498,0,0,0,0,0,0,1.214949335,0.023498556,0,0
IL1B,0.549112623,0.419364487,1.303855784,0.055030843,1.322747754,0.076348469,0.186500592,0.793755126,0.726265367,0.3101305,0.434247551,0.516789704
GATA2,0.510727383,0.433949029,0,0,-0.024734165,0.971777463,0.308673427,0.67421916,0,0,0.370325928,0.588373618
LSR,0.50198352,0.197574537,0,0,0,0,0.203478319,0.649977131,0,0,0,0
PLK1,0.436171385,0.413248683,0,0,0,0,0,0,-0.041337973,0.934442052,0,0
CCDC85B,0.410997924,0.241349964,0,0,0.433672938,0.2013422,0.280481511,0.46877866,0.374161892,0.062266704,0,0
IGF2BP2,0.391375018,0.625345662,0.293597604,0.506092074,0,0,0.167178889,0.703430829,-0.011535883,0.987760439,0.262999872,0.636332242
MYL9,0.383974011,0.58806747,0,0,0,0,0,0,-0.005279104,0.990830098,0,0
CDC20,0.381312189,0.654435205,0.328193708,0.721592751,0,0,0.285565256,0.743855672,0,0,0.344031047,0.700746278
TOP2A,0.371885061,0.67635883,0,0,0.201465517,0.823790695,0.263755462,0.735068809,0,0,0,0
S100A4,0.364883428,0.642850375,1.059432002,0.274426486,0,0,0.166904458,0.834740422,0,0,0.291799772,0.733371626
CASP10,0.358665136,0.282102019,0.231095777,0.46739437,-0.003478079,0.992034507,0.207789273,0.448030318,0,0,0,0
IKZF1,0.327367752,0.360120797,0.492449625,0.115860085,0.402564254,0.277013996,0.224955211,0.403407896,0.673178734,0.067071281,0.50684527,0.142128728
CDKN2A,0.324648984,0.647699017,0,0,0.182418236,0.810275923,0.230904256,0.751139279,0.294417774,0.662161912,0,0
PTPRK,0.320465776,0.444889008,0.841316332,0.1276536,0.47967289,0.301787191,0,0,1.732171332,0.027177388,0,0
S100A13,0.3191662,0.046680737,0.393331829,0.032880688,0,0,0.217831222,0.053466067,0,0,0.461915383,0.002654744
STAP2,0.315130575,0.617831719,0,0,0,0,0,0,0.271849477,0.654585566,0,0
BAD,0.306423327,0.423229856,0.20371049,0.619711851,0.53193251,0.135276817,0.420401695,0.341943739,0.483812446,0.205439294,-0.034333986,0.930848867
PTPN6,0.299808811,0.52375378,0,0,0,0,0,0,-0.031287581,0.947295555,0.257589991,0.514728195
GPER1,0.298389894,0.361730403,0,0,0,0,0.264801941,0.572475336,0,0,0,0
PRKCH,0.284653481,0.245886904,0.399276048,0.135024031,0,0,0,0,0,0,0,0
LYN,0.269992373,0.308198645,-0.008652103,0.965993016,-0.036947451,0.881105819,0.201250872,0.39249316,0,0,0.254477358,0.428972714
KIF20A,0.266806293,0.721831259,0.28333374,0.740338335,0,0,0,0,0.313756005,0.686407105,0.332798993,0.679773612
CRYZ,0.26526461,0.200314094,0.204674109,0.287113095,0.514686599,0.044571883,0.178143229,0.343041725,0.498018122,0.02753628,0.296017859,0.119106238
LAMA3,0.255833533,0.154099101,0,0,0,0,0.2883118,0.256056172,0,0,0,0
CASP7,0.249188845,0.392615594,0.384729915,0.174858737,0,0,0.217480229,0.287666338,0.29628645,0.397269959,0.25008211,0.387887448
PMAIP1,0.24895706,0.662107244,0.215465693,0.738518388,0.593490029,0.32048795,0.176860218,0.717918055,0.531134459,0.355661017,0,0
CCDC92,0.240895034,0.549577751,0,0,0,0,0.516129263,0.245899937,0,0,0,0
POLD4,0.236561844,0.463646768,0,0,0,0,-0.023031788,0.956918549,0,0,0,0
POLG2,0.235669176,0.402734661,0,0,-0.023472554,0.940021304,0,0,0,0,0,0
EZH2,0.233585919,0.496734474,0,0,0,0,0,0,0,0,-0.014933307,0.963692831
TGFBR2,0.232696192,0.29428163,0.361908752,0.144851168,0,0,0.273396003,0.092027357,0.285227028,0.26205259,-0.008156574,0.970356687
RAB27A,0.22331248,0.530130868,0,0,0,0,0,0,-0.039719503,0.914085071,0,0
KIF2C,0.219163967,0.701883654,-0.028718023,0.961329215,0,0,-0.01313845,0.982222835,0,0,-0.028500291,0.966980575
GSTM2,0.214670589,0.268480889,0.243139775,0.181815506,0,0,0,0,0,0,0,0
TP53,0.212568191,0.560422131,0.33203626,0.39182988,0,0,0.208374374,0.548937283,0,0,0.209848154,0.554001784
SYNE2,0.208790516,0.151952082,0,0,0,0,0.225186225,0.061183976,0,0,0,0
IL4R,0.203657919,0.592472226,0,0,0.26142951,0.495478008,0,0,0,0,0.227234586,0.554037594
NUSAP1,0.202648829,0.707380093,0,0,0,0,0,0,0,0,0,0
RAC2,0.199510611,0.793357606,0,0,0,0,0.243545846,0.76751596,-0.015995691,0.983681997,0.197934914,0.816440314
CCNA2,0.197250281,0.649046418,0.19987946,0.646136637,0,0,0,0,0,0,0,0
MKNK1,0.196307745,0.214542317,-0.022099736,0.924886507,0,0,0,0,0,0,-0.002143739,0.98769829
PHKA1,0.19624492,0.266509793,0.330853189,0.128658988,0,0,0,0,-0.012542403,0.948566153,0.232820896,0.260146266
CETN3,0.196021105,0.195176338,0,0,0,0,0.235634218,0.054529321,0,0,0,0
SLC5A6,0.194345752,0.328353169,0,0,-0.018864172,0.930656292,0.216114867,0.351100627,0,0,0,0
CFLAR,0.19329115,0.140981187,0,0,0,0,0,0,0,0,0.180339244,0.208646816
CAT,0.192531885,0.263615595,0.269848487,0.194045048,-0.001574218,0.993497173,0,0,0.263648441,0.155485139,0,0
MRPL12,0.19203676,0.578554036,0,0,-0.020209511,0.949114259,0,0,0,0,0,0
DSG2,0.190308016,0.735349296,0.265663725,0.641503073,0,0,0,0,0.586464353,0.425965384,0,0
SYK,0.186422086,0.503442571,0.330075377,0.30179134,0,0,0,0,0.42279471,0.149554127,0.564623833,0.030011215
FAS,0.186289476,0.601240983,0,0,0,0,0,0,0,0,0,0
TRIB3,0.183782506,0.732506294,0,0,0,0,0,0,0,0,-0.040464728,0.955201486
PRR7,0.181538662,0.429092687,0,0,0,0,0,0,0,0,0,0
ABCB6,0.180660321,0.302813483,0,0,0,0,0,0,0,0,0,0
FZD1,0.179747529,0.431334607,0,0,0,0,0,0,-0.035640927,0.891655658,0,0
ADI1,0.179689589,0.484393131,-0.005272238,0.979523259,0,0,0,0,0,0,0,0
CHMP6,0.179428676,0.604711672,0,0,0,0,0,0,0,0,0,0
PPARG,0.17870851,0.520748663,0,0,0,0,0.162728681,0.55133587,0.257162477,0.2982013,0.225515333,0.465827505
RAI14,0.173656077,0.387841188,0,0,0,0,0.235448527,0.115301571,0,0,0,0
HOOK2,0.172743856,0.408820954,-0.008883927,0.958875608,0,0,0,0,0,0,0,0
CCNB2,0.172276085,0.809800656,-0.005392847,0.994216893,0,0,0.197699618,0.788129424,0,0,0.219919046,0.781916125
RRS1,0.171607246,0.535915841,0,0,0,0,-0.01666839,0.944693643,0,0,0,0
CPNE3,0.171164377,0.213174694,0,0,0,0,0,0,0,0,0,0
IKBKB,0.170918283,0.238381017,0,0,-0.017987461,0.910680303,0,0,-0.003704335,0.980566797,0,0
PTPRC,0.170439033,0.462625626,0.339524567,0.304667082,0,0,0.198387115,0.373943212,0.360054038,0.104558586,0.467931179,0.048785316
EPB41L2,0.169466846,0.090837725,0,0,0,0,0,0,0,0,0,0
ZNF274,0.167907772,0.399045839,0,0,0,0,-0.022386414,0.901134449,0,0,0,0
BTK,0.165403448,0.724013003,0.331337202,0.390529348,0,0,0.224955285,0.521148765,0,0,0.41799209,0.377505377
PRKX,0.163680531,0.401794878,-0.015720424,0.950347413,0,0,0,0,-0.019874825,0.925167776,-0.025835653,0.904330646
HMOX1,0.160747225,0.807798409,0.250894768,0.621382141,0.455151182,0.465446589,0,0,0,0,0,0
AKAP8L,0.157500261,0.100596763,-0.018838084,0.867937363,0,0,0,0,0,0,0,0
CHMP4A,0.153496235,0.178261272,-0.009301372,0.940726317,0,0,0,0,-0.010078529,0.931234129,0,0
SCAND1,0.15244522,0.726102955,0.252895304,0.539365897,0,0,0,0,0,0,0,0
CDC25A,0.148684587,0.779743228,0.235704811,0.63629864,0,0,0,0,0,0,0.364856851,0.486146417
STXBP2,0.147238053,0.817528405,0.600305258,0.322307581,0,0,0,0,0,0,0.496919993,0.383257098
TCEAL4,0.142715925,0.111151186,0,0,0,0,0,0,0,0,0,0
VAV3,0.140409804,0.399591598,0.289054962,0.1344572,0,0,0,0,-0.039941628,0.830319053,0,0
TCFL5,0.140100972,0.273362863,0.197533117,0.205716398,0.179491245,0.161598991,0.25736655,0.048260839,0.323814336,0.016535372,0.29165946,0.063470161
RBM6,0.138708879,0.335846336,0,0,0,0,0,0,0,0,-0.024658425,0.834980248
SOX2,0.138467234,0.378977275,0,0,0,0,0,0,0,0,0,0
PLP2,0.136733149,0.853098433,0,0,0,0,-0.005765533,0.994598203,0,0,0,0
LYRM1,0.136256869,0.377846522,0,0,0.175519785,0.249725254,0,0,0,0,0,0
PSME1,0.13209652,0.458152999,0.185483356,0.323798796,0,0,0,0,0,0,-0.011070773,0.95603461
DDB2,0.129137955,0.701299029,0,0,0,0,0,0,0,0,0,0
PXMP2,0.128232884,0.717093321,0,0,0,0,0,0,0,0,0,0
TLR4,0.127932201,0.515617653,0,0,0,0,-0.00932511,0.952030786,0,0,0,0
RPIA,0.127445785,0.708303893,0,0,0,0,0,0,0,0,0,0
FAIM,0.125715468,0.506756702,0,0,0,0,0,0,0,0,0,0
PPP2R5A,0.125407074,0.383705712,0,0,0,0,0,0,0.297921248,0.026761793,0,0
PPARD,0.124374414,0.424344762,0,0,0,0,0,0,0,0,0,0
PAF1,0.123412196,0.335359298,0,0,0,0,0,0,0,0,-0.014714714,0.90620421
TERF2IP,-0.000533738,0.99617343,-0.016235965,0.887419338,0,0,0,0,0,0,0,0
RUVBL1,-0.00062993,0.996582244,0.217760722,0.180090221,0,0,0,0,0,0,0,0
AMDHD2,-0.000718895,0.998672919,0,0,0,0,0,0,0,0,0,0
ELAC2,-0.00117003,0.98648138,0,0,0,0,-0.014194949,0.922963746,0,0,0,0
PHKB,-0.001826811,0.988001502,0,0,0,0,-0.012246186,0.85025116,0,0,0,0
RHEB,-0.001887485,0.988252642,0,0,0.215401085,0.015468867,0,0,0.282003321,0.009968906,0,0
TRIM13,-0.002109447,0.988126748,0,0,0,0,0,0,0,0,0,0
MYCBP2,-0.002721217,0.976047727,0,0,0,0,0,0,-0.02669622,0.759847207,0,0
RPS6,-0.002786886,0.973365016,0,0,-0.005629772,0.928826617,0,0,0,0,0,0
NUDT9,-0.002948542,0.983637405,0,0,0,0,0,0,0,0,0,0
TIMM17B,-0.003002789,0.99228239,0,0,0,0,0,0,0,0,0,0
TCTA,-0.004436571,0.976798525,0,0,0,0,0,0,0,0,0,0
PARP2,-0.005085205,0.963807157,0,0,0,0,0,0,0,0,0,0
MTA1,-0.005218254,0.972899876,0,0,0,0,0,0,0,0,0,0
DPH2,-0.005224094,0.982129652,0,0,0,0,0,0,-0.013903413,0.95616746,-0.015073818,0.959261931
CTSL,-0.005299645,0.973735907,0,0,0,0,0,0,0,0,0,0
CCNB1,-0.005402289,0.977617693,0,0,0.179365538,0.396605467,0,0,0,0,0,0
TRAM2,-0.005977057,0.976948496,0,0,0,0,0,0,0,0,0,0
SYPL1,-0.006565822,0.973656495,0.30111305,0.102291543,0,0,0.296045755,0.040692267,0.342288027,0.144359283,0.291244306,0.0950231
DHRS7,-0.006849105,0.960579346,0,0,0,0,0,0,0,0,0,0
BIRC2,-0.006915119,0.951662076,0,0,0,0,0,0,0,0,0,0
CCP110,-0.007035002,0.921442258,0,0,0,0,0,0,0,0,0,0
DCUN1D4,-0.007100923,0.930162807,0,0,0,0,0,0,0,0,0,0
PPP1R13B,-0.007136739,0.945140311,0,0,0,0,0,0,0,0,0,0
JMJD6,-0.007275738,0.957746408,0,0,0,0,0,0,0,0,0,0
AGL,-0.007278579,0.931599739,0,0,0,0,0,0,0,0,0.17834698,0.065831923
CALU,-0.007284943,0.940541185,0,0,0,0,0,0,0,0,0,0
ECH1,-0.008205812,0.964167618,0,0,0,0,0,0,0,0,-0.007031664,0.971071212
ATF1,-0.008285126,0.960260922,-0.017058674,0.922833562,0,0,0,0,0,0,0,0
DRAP1,-0.009099904,0.944614174,0,0,0,0,-0.021750286,0.847496333,0,0,-0.015691333,0.905053119
EBNA1BP2,-0.009115578,0.930104792,0,0,0,0,0,0,0,0,-0.028986238,0.790851005
XPO7,-0.009268167,0.895733572,0,0,0,0,0,0,0,0,0,0
THAP11,-0.009454007,0.96875282,0,0,0,0,-0.017743344,0.944894955,0.252763502,0.249600055,0,0
FAM20B,-0.009736545,0.929447681,0,0,0,0,0,0,0,0,0,0
HIF1A,-0.009789705,0.896633269,0,0,0,0,-0.019153899,0.803845121,0,0,0,0
IGHMBP2,-0.009983075,0.956209289,0,0,0,0,0,0,0,0,0,0
ABL1,-0.010179362,0.934720628,0,0,0,0,0,0,0,0,0,0
RNMT,-0.010223438,0.902195752,-0.008964433,0.938243457,0,0,0,0,0,0,0,0
ACOT9,-0.010226304,0.944310481,0,0,0,0,0,0,0,0,0,0
PSMD10,-0.010439539,0.938621966,0,0,0,0,0,0,0.233452554,0.026718119,0,0
STK25,-0.010543754,0.907410304,0,0,0,0,0,0,0,0,0,0
OXA1L,-0.011222809,0.930043062,0,0,0,0,0,0,0,0,0,0
SMAD3,-0.011420484,0.908693175,0,0,0,0,0,0,-0.02834881,0.74255607,0,0
G3BP1,-0.011857091,0.894388024,0,0,0,0,0,0,0,0,0,0
PDS5A,-0.012065608,0.865662896,0,0,0,0,0,0,0,0,0,0
CTTN,-0.012150383,0.853174421,-0.02420517,0.793455872,-0.009241887,0.888497425,0,0,0,0,-0.006761983,0.91536568
SRC,-0.012183023,0.939168545,0,0,0,0,0,0,0,0,0,0
RTN2,-0.012534138,0.940876538,0,0,0,0,0,0,0,0,0,0
MRPL19,-0.012641073,0.886862277,0,0,0,0,0,0,0,0,0,0
MBNL1,-0.013078498,0.871111577,0,0,0.173843105,0.015817183,0,0,0,0,0,0
BZW2,-0.013224599,0.919822752,0,0,0.17256899,0.209289661,0,0,0,0,0,0
SUPV3L1,-0.013366548,0.901230908,-0.027963084,0.818265885,0,0,0,0,-0.025511531,0.810341564,0,0
DUSP11,-0.013562111,0.93365628,0,0,0,0,0,0,0,0,0,0
ZNF131,-0.013710709,0.909744979,0,0,0,0,0,0,0,0,0,0
MLLT11,-0.01379694,0.909619599,0,0,0,0,0,0,0,0,0,0
POLR2K,-0.014104931,0.918425149,0,0,0,0,0,0,0,0,0,0
TIAM1,-0.014333577,0.822774451,-0.023578533,0.798102096,-0.013526145,0.812445996,0,0,0,0,0,0
PIK3R3,-0.014417025,0.879706037,-0.025418434,0.819294069,0,0,0,0,0,0,0,0
COL1A1,-0.014708238,0.985624616,0.690002039,0.307849663,0,0,0,0,0,0,0.312661617,0.705018782
CCNA1,-0.014805211,0.944962238,0,0,0,0,0,0,0,0,0,0
TRAP1,-0.014805263,0.871123766,0,0,0,0,-0.021662945,0.788748432,-0.024999913,0.826519512,0,0
KDM5A,-0.01498117,0.79899463,-0.019298188,0.787993207,0,0,0,0,0,0,0,0
IDE,-0.015017367,0.893404419,0,0,-0.004186008,0.969627444,0,0,0,0,0,0
TMCO1,-0.015361816,0.882587643,0,0,0,0,0,0,0,0,0,0
NISCH,-0.015706861,0.88461207,0,0,0,0,0,0,0,0,0,0
KIAA0196,-0.015790012,0.865646516,0,0,0,0,0,0,0,0,0,0
INSIG1,-0.016152285,0.926902865,0,0,0.359748841,0.030265298,0.596787729,0.217596528,0.394336681,0.031145094,0.305616754,0.262510944
HN1L,-0.016398338,0.947377043,0.234922663,0.311834966,0,0,0.183849555,0.432418106,0,0,0.312409008,0.118176023
PGRMC1,-0.016864815,0.905292045,0,0,0.233391034,0.02366458,0,0,0,0,0.275086475,0.105529266
CREB1,-0.017111787,0.856835727,0,0,0,0,0,0,0,0,0,0
DHX29,-0.017378318,0.856488527,0,0,0,0,0,0,0,0,0,0
TXNRD1,-0.017585175,0.878705077,0,0,0,0,-0.012726106,0.89937773,0,0,0,0
PDHX,-0.017609399,0.882299291,0,0,0,0,0,0,0,0,0,0
KIAA0355,-0.018290529,0.920957006,0,0,0,0,0,0,0,0,-0.035631786,0.868901628
PSMD4,-0.018669857,0.856701259,0,0,0,0,0,0,0,0,0,0
ZW10,-0.018805373,0.884892012,0,0,0,0,-0.013812718,0.916982667,0,0,-0.005683151,0.968543616
ETV1,-0.018888428,0.871817192,0,0,0,0,0,0,0,0,0,0
PAX8,-0.018895097,0.972408669,0,0,0,0,0,0,0,0,0,0
TWF2,-0.019298859,0.930394268,0,0,0,0,0,0,0,0,0,0
RAE1,-0.019817437,0.906958458,0,0,0,0,0,0,0,0,0,0
MAP2K5,-0.019958855,0.870441787,0,0,-0.036976653,0.752669258,0,0,-0.007087673,0.945571667,0,0
SLC35F2,-0.019960177,0.936992091,0,0,0,0,0,0,0,0,0,0
VAT1,-0.019995269,0.917201308,0.365949649,0.143182054,0,0,0,0,0,0,0,0
PXN,-0.020195624,0.93801,0,0,0,0,0,0,0,0,0,0
PFKL,-0.020658919,0.797711387,0,0,-0.0323305,0.726186007,0,0,0,0,0,0
SLC35A1,-0.020685589,0.869782297,0,0,0,0,-0.004609736,0.969953655,0,0,0,0
UGDH,-0.020891298,0.907470565,0,0,0,0,0,0,0,0,-0.030556196,0.865374629
ADGRG1,-0.020985717,0.888457771,0,0,0,0,0,0,0,0,0,0
INPP4B,-0.021025565,0.850869998,0,0,0,0,-0.012749241,0.899502239,0,0,0,0
MFSD10,-0.021078974,0.940957872,0,0,0,0,-0.009724625,0.982578998,0,0,0,0
NRAS,-0.021146854,0.853298395,0,0,0,0,0,0,0,0,0,0
LIPA,-0.021397271,0.889905176,0,0,0,0,0.264294001,0.111590694,0.324246525,0.02583968,0.289635728,0.107524133
SCRN1,-0.021539941,0.80872225,0,0,0,0,0,0,0,0,-0.0176285,0.837284887
LRRC41,0,0,6.02E-05,0.999417401,0,0,0,0,0,0,0,0
PUF60,0,0,0.754333721,0.191955576,0.794333255,0.067840615,0,0,0,0,0.483425589,0.308461866
CD44,0,0,0.73321399,0.185826252,0,0,0.546040385,0.25214779,0,0,0.513293699,0.171360281
CCL2,0,0,0.656073494,0.320164992,0,0,0,0,0.322410376,0.611672274,0.391740617,0.587800304
ICAM1,0,0,0.544570535,0.227516256,0,0,0,0,0.249248677,0.615204973,0,0
PDIA5,0,0,0.539444495,0.176048539,0,0,0.238175999,0.513396383,0,0,0,0
ST6GALNAC2,0,0,0.528537666,0.306202425,0,0,0.296711233,0.548301038,0,0,0,0
TJP1,0,0,0.50933653,0.1824747,0,0,0.860078647,0.047945646,0.548385875,0.193803849,0.254770625,0.497350807
IKBKE,0,0,0.493702763,0.291102903,0,0,0,0,0,0,0,0
SPP1,0,0,0.48767684,0.220736194,0.205417736,0.550602275,0,0,0.429562289,0.265695939,0.383302796,0.183339818
SPR,0,0,0.483606222,0.202072417,0,0,0,0,0.247006432,0.403900749,0,0
MTHFD2,0,0,0.476827588,0.149479409,0.262146407,0.379948996,0,0,0,0,0,0
CHAC1,0,0,0.47361378,0.358456209,0,0,0,0,0.263869997,0.525353642,0,0
CDK2,0,0,0.46851475,0.39235142,-0.026897984,0.965669198,0,0,0,0,0.230927955,0.670737345
CD320,0,0,0.406961995,0.441212087,0.216101275,0.558451859,0,0,0.364352044,0.439208477,0,0
DENND2D,0,0,0.384822558,0.492285672,0,0,0,0,0,0,0,0
PLA2G4A,0,0,0.328584895,0.347526038,0.294667005,0.235648011,0,0,0.305788102,0.389238995,0.178721897,0.557883534
MTFR1,0,0,0.310766373,0.235895735,0,0,0.22999955,0.275734096,0,0,0,0
BACE2,0,0,0.306362543,0.317250052,0.22160643,0.460046025,0,0,0.312088864,0.276605212,0,0
CLIC4,0,0,0.30183837,0.245101025,0,0,0.397078958,0.015537788,0.306010354,0.124546597,0.207500422,0.20646693
CHEK2,0,0,0.291793204,0.586639715,0,0,0,0,0.469705154,0.323915407,0.32241583,0.64334933
IL13RA1,0,0,0.276602184,0.287929093,0,0,0,0,0.297286462,0.113884226,0.289705213,0.183374791
PCBD1,0,0,0.262817277,0.317498958,0,0,0,0,0.227932782,0.414374129,0,0
TES,0,0,0.252297645,0.65326123,0,0,0.18506704,0.654071131,0.378569018,0.483760563,0,0
PRCP,0,0,0.249598846,0.044472448,0.172513124,0.141975259,0,0,0,0,0,0
IFRD2,0,0,0.248807573,0.602233575,0,0,0,0,0.237148515,0.613442358,0,0
AURKA,0,0,0.245927837,0.589953396,0,0,0,0,0,0,0.203427283,0.682041243
BUB1B,0,0,0.245685372,0.727938504,0,0,0,0,0.244570008,0.697450725,0,0
KCTD5,0,0,0.237633665,0.328834219,-0.010041418,0.97394274,0,0,-0.017585568,0.94128284,0,0
RPA3,0,0,0.233504006,0.36165138,0.196458025,0.367559038,0,0,0,0,0,0
TSPAN3,0,0,0.231454392,0.03502579,0,0,0,0,0.230383383,0.017645047,0,0
RPS6KA1,0,0,0.223403031,0.476731728,-0.035857248,0.9088588,0.263603199,0.394135725,0,0,0,0
FAH,0,0,0.221516414,0.536895612,0,0,0,0,0,0,0.207523394,0.556814136
PIP4K2B,0,0,0.220261426,0.805407945,0,0,0,0,0,0,0.231104455,0.792281796
FIS1,0,0,0.218169945,0.139903835,0,0,0,0,0.281200664,0.029368378,0,0
NCAPD2,0,0,0.216966269,0.237594011,0,0,0.171751197,0.327650383,0,0,0,0
PACSIN3,0,0,0.214070559,0.496519755,0,0,0,0,0,0,0,0
GSTZ1,0,0,0.210194556,0.608535733,0,0,0.217624203,0.519688892,-0.005966228,0.986894786,0,0
RPS5,0,0,0.208977006,0.088156823,0,0,0,0,0,0,-0.018942813,0.855156022
BAX,0,0,0.208600984,0.667227268,0,0,0,0,0,0,-0.032947858,0.947774077
PLSCR1,0,0,0.207206555,0.335169639,-0.02500196,0.914600435,0,0,0,0,0,0
PCCB,0,0,0.207082338,0.207714251,0,0,0.190243545,0.250049344,0.280832628,0.027965633,0.203441566,0.129853968
ISOC1,0,0,0.202512507,0.294631427,0,0,0,0,0,0,0,0
ERBB3,0,0,0.202337785,0.549158463,0,0,0.546691629,0.014887283,0,0,0,0
CCNE2,0,0,0.200263231,0.446097126,0,0,0.289528105,0.133034218,0,0,0,0
TSPAN6,0,0,0.199180367,0.404988668,0,0,0,0,0,0,0,0
NENF,0,0,0.198096872,0.268625503,0,0,0,0,0,0,0,0
CD58,0,0,0.196443487,0.682196401,0,0,0,0,0.251322102,0.595767042,0,0
HSD17B10,0,0,0.194442417,0.447158885,0,0,0,0,0,0,0,0
APOE,0,0,0.191504134,0.355616436,0,0,0,0,0,0,0,0
ZFP36,0,0,0.19087283,0.757643025,0.58869939,0.377547198,0.215557564,0.724974246,0.361649204,0.637865701,0,0
CEBPA,0,0,0.189979314,0.618211903,0,0,0,0,0,0,0,0
PEX11A,0,0,0.185741499,0.380300008,0,0,0,0,0,0,0,0
PRKCQ,0,0,0.185214264,0.392730851,0.262861263,0.151940735,0.306258414,0.175213393,0.292721322,0.098483905,0.250670738,0.183264226
C5,0,0,0.18420073,0.316752831,0,0,0,0,0,0,0.201953018,0.255927285
TRAPPC3,0,0,0.183572372,0.250859655,0,0,0,0,0,0,0,0
SMC4,0,0,-0.000163958,0.999983457,0,0,0,0,0,0,0,0
TRAK2,0,0,-0.000501353,0.994346913,-0.001807461,0.978595343,0,0,-0.026429057,0.653057372,-0.009213179,0.899685827
PDGFA,0,0,-0.001769723,0.991086744,0,0,0.17545377,0.309017363,0,0,0,0
TMEM109,0,0,-0.00177167,0.994669224,-0.007667669,0.974960784,0,0,0,0,0,0
PSMG1,0,0,-0.002173746,0.991921851,0,0,0,0,0,0,0,0
CHP1,0,0,-0.002188037,0.979216587,0.210018197,0.021556237,-0.005662506,0.958825227,0,0,0,0
EED,0,0,-0.002207869,0.988538555,-0.037415524,0.796475498,0,0,0,0,0,0
UBE2A,0,0,-0.002794044,0.986800955,0,0,0,0,0,0,0,0
FEZ2,0,0,-0.002879166,0.980729232,0.190377466,0.018200066,0,0,0.24805923,0.004767969,0.222383653,0.038926283
PSIP1,0,0,-0.003506132,0.968692146,0,0,0,0,0,0,0,0
EDEM1,0,0,-0.003657377,0.974704539,0,0,0,0,0,0,-0.010166346,0.940846456
NFATC4,0,0,-0.003884351,0.986965219,0,0,0,0,0,0,0,0
TLK2,0,0,-0.004251871,0.961690367,0,0,0,0,-0.006217554,0.951797312,0,0
PIK3C2B,0,0,-0.004520109,0.977579966,-0.020702902,0.876657089,0,0,0,0,0,0
DFFB,0,0,-0.004739285,0.985588746,0,0,0,0,-0.040352906,0.874328445,0,0
SMC1A,0,0,-0.004912634,0.957639818,0,0,0,0,0,0,0,0
TM9SF3,0,0,-0.004925632,0.956235848,0.192897298,0.025004415,0,0,0,0,0,0
OXCT1,0,0,-0.00502157,0.975499444,0,0,0,0,0,0,0,0
CRK,0,0,-0.005038617,0.989326929,0.44272228,0.322851971,0,0,0.235067692,0.482384718,0,0
PCM1,0,0,-0.005170071,0.951614529,0,0,0,0,-0.023272504,0.709346788,-0.002646457,0.968775459
PAFAH1B1,0,0,-0.005606941,0.966652471,0,0,0,0,0,0,0,0
CLTC,0,0,-0.005637324,0.971492425,0,0,-0.022321493,0.752760115,0,0,0,0
RPA1,0,0,-0.006774801,0.966369802,0,0,0,0,0,0,0,0
PIK3CA,0,0,-0.007032671,0.934402725,0,0,-0.003213736,0.990145817,0,0,0,0
CRKL,0,0,-0.007163794,0.933493904,0,0,-0.009513228,0.8713084,0,0,-0.0281434,0.70134414
BNIP3,0,0,-0.007263013,0.95042753,0.174315021,0.060478677,-0.016405447,0.836139511,0,0,0,0
FSD1,0,0,-0.00752622,0.968566193,0,0,0,0,0,0,0,0
POLR2I,0,0,-0.007921275,0.966451523,0,0,0,0,0,0,0,0
SLC25A46,0,0,-0.008735661,0.953276826,0.215895238,0.04172731,-0.003223586,0.972279241,0.265289942,0.03504118,0,0
KLHDC2,0,0,-0.008786582,0.941296735,0,0,-0.022881384,0.818520091,0.285295732,0.04087056,0,0
CANT1,0,0,-0.009158343,0.961276703,0,0,0,0,-0.038323685,0.825203487,-0.025578497,0.887545905
ZNF451,0,0,-0.009256785,0.910623209,0,0,0,0,0,0,0,0
LGALS8,0,0,-0.009657031,0.938742367,0,0,0,0,0,0,0,0
CGRRF1,0,0,-0.009679863,0.958802165,0,0,-0.006270948,0.96617506,0,0,0,0
LAGE3,0,0,-0.010082887,0.982235048,0,0,0,0,0,0,0,0
DCTD,0,0,-0.010185761,0.942610271,0,0,0,0,0,0,0,0
KIF1BP,0,0,-0.010276791,0.932208425,0,0,0,0,0,0,0,0
RNF167,0,0,-0.01031987,0.949434252,0,0,-0.020156912,0.909217771,0,0,-0.027087227,0.865491526
TMEM97,0,0,-0.010770731,0.966310586,0.295815009,0.232084242,0,0,0.315431549,0.112237398,0,0
HS2ST1,0,0,-0.012056715,0.908121033,0,0,-0.022401382,0.75558029,0,0,0,0
MAP7,0,0,-0.012749077,0.909760969,0,0,0,0,0,0,0,0
AKT1,0,0,-0.013874085,0.911778698,-0.013303875,0.920621654,0,0,0,0,0,0
CHN1,0,0,-0.014890348,0.954532845,0.212066921,0.088451787,0,0,0,0,0,0
EIF4EBP1,0,0,-0.015299494,0.979006703,0,0,0.194473028,0.787643424,0,0,0,0
FBXO21,0,0,-0.015419043,0.881932592,0,0,0,0,0,0,0,0
ASCC3,0,0,-0.016009555,0.888105861,-0.009209404,0.964390441,0,0,0,0,0,0
GNB5,0,0,-0.016463985,0.906401617,0,0,0,0,0,0,0,0
TATDN2,0,0,-0.017295441,0.872116479,-0.028776959,0.772096003,0,0,0,0,0,0
TOPBP1,0,0,-0.018121765,0.904552611,0,0,0,0,0,0,0,0
IGF2R,0,0,-0.018814479,0.834313369,0,0,-0.022471066,0.773924597,0,0,0,0
LRPAP1,0,0,-0.019089676,0.831690584,0,0,0,0,0,0,0,0
NFKBIE,0,0,-0.019104186,0.969761986,0,0,0.172872948,0.706753685,0,0,0,0
STUB1,0,0,-0.019267517,0.896099707,0,0,0,0,0.2989018,0.047909624,0,0
CDK19,0,0,-0.019565874,0.863448469,0,0,0,0,0,0,0,0
NR3C1,0,0,-0.019623854,0.857582756,0,0,0,0,0,0,0,0
KIAA0753,0,0,-0.020224113,0.81933031,0,0,-0.018343024,0.888110311,0,0,0,0
PPOX,0,0,-0.020229528,0.940155983,-0.019607225,0.943875265,-0.023506291,0.940797903,-0.025250069,0.917609418,-0.014365257,0.963941602
NCOA3,0,0,-0.020398961,0.844898305,-0.024300835,0.80858882,0,0,-0.015857555,0.857986691,0,0
WASF3,0,0,-0.020616259,0.788088289,-0.020309703,0.716986322,-0.004102751,0.948780804,0,0,0,0
RRP12,0,0,-0.020926117,0.904645546,-0.018812494,0.89822536,-0.023260196,0.872559722,0,0,0,0
SNX7,0,0,-0.021313848,0.907280524,0,0,0,0,0,0,0,0
SMARCC1,0,0,-0.021646881,0.841118979,0,0,0,0,0,0,0,0
EPN2,0,0,-0.021923145,0.817471068,0,0,0,0,0,0,0,0
ADAM10,0,0,-0.022387377,0.765976984,0,0,0,0,0,0,0,0
BECN1,0,0,-0.02253501,0.837120187,0,0,0,0,0,0,0,0
NUP85,0,0,-0.02315841,0.910986218,0,0,0,0,-0.031134848,0.866955669,0,0
AKAP8,0,0,-0.023588276,0.862812911,0,0,0,0,-0.013472229,0.912536208,0,0
FYN,0,0,-0.023683244,0.739113494,0,0,0,0,0,0,-0.024684998,0.713342816
EIF5,0,0,-0.024079843,0.810058066,0,0,0,0,0,0,0,0
ETS1,0,0,-0.02435153,0.883428251,0,0,0.234175839,0.246124879,0,0,0,0
SKP1,0,0,-0.024866468,0.818905504,0,0,0,0,0,0,0,0
GRN,0,0,-0.024871607,0.940573371,0,0,0,0,0,0,0,0
FGFR4,0,0,-0.025953638,0.97718901,0,0,0,0,0,0,-0.035080713,0.969019063
PNKP,0,0,-0.026713571,0.938682388,-0.00989404,0.973639006,0,0,0,0,0,0
OXSR1,0,0,-0.02710019,0.838882096,0,0,0,0,0,0,0,0
TEX10,0,0,-0.027731706,0.863701431,0,0,0,0,0,0,0,0
COG2,0,0,0,0,2.66E-05,0.999688338,-0.012949234,0.913746699,0,0,-0.014733474,0.917035818
ACAT2,0,0,0,0,0.373570339,0.017173026,0,0,0.428458509,0.006515727,0.241464366,0.259117606
ITFG1,0,0,0,0,0.316905693,0.015207571,0,0,0.291474491,0.053252812,0,0
HMGCS1,0,0,0,0,0.307932278,0.015413926,0.224074712,0.309856774,0.240843129,0.056570577,0.225173606,0.221556143
HES1,0,0,0,0,0.307329309,0.296051865,0,0,0,0,-0.028114902,0.924304005
CDKN1A,0,0,0,0,0.288508571,0.462265785,0,0,0,0,0,0
FUT1,0,0,0,0,0.26310608,0.335526822,0,0,0,0,0,0
BAMBI,0,0,0,0,0.262874885,0.462444088,0,0,0,0,0,0
MPC2,0,0,0,0,0.259233906,0.013893362,-0.002921439,0.975841473,0.281318351,0.006622906,0,0
CDH3,0,0,0,0,0.246705202,0.529211602,0,0,0,0,0,0
ARPP19,0,0,0,0,0.246062011,0.029368577,0,0,0.242311488,0.052504174,0,0
PROS1,0,0,0,0,0.244475563,0.179237596,0,0,0,0,0,0
ENOPH1,0,0,0,0,0.243790609,0.003060564,0,0,0.269378895,0.020044158,0.181907953,0.180577769
HMGCR,0,0,0,0,0.238716453,0.06154647,0,0,0.23768522,0.06787564,0,0
GNAI1,0,0,0,0,0.238374547,0.008553084,0,0,0,0,0.243081379,0.128120635
DDIT4,0,0,0,0,0.232118589,0.403931332,0.187797354,0.601074437,0,0,0,0
SNCA,0,0,0,0,0.223044427,0.04413814,0,0,0,0,0.198189745,0.305889172
FDFT1,0,0,0,0,0.219090413,0.019174471,0,0,0.261349464,0.00893151,0,0
TOMM70A,0,0,0,0,0.212045917,0.045656548,0,0,0.244073497,0.020736891,0,0
TMEM5,0,0,0,0,0.210450664,0.37930173,0,0,0.285919487,0.157617076,0,0
PCMT1,0,0,0,0,0.209662981,0.080622733,0,0,0.27626611,0.051208684,0,0
RPL39L,0,0,0,0,0.208262857,0.631968262,0.165196021,0.657914151,0.371260716,0.411666839,0.359991922,0.459469641
HSPA4,0,0,0,0,0.207709194,0.047794717,0,0,0,0,0,0
GADD45B,0,0,0,0,0.204462617,0.701794023,0.561341848,0.462031001,0,0,0,0
DCK,0,0,0,0,0.203912009,0.079995319,0,0,0.274071411,0.028755672,0,0
TM9SF2,0,0,0,0,0.201776132,0.020728243,0,0,0,0,0,0
PDLIM1,0,0,0,0,0.201471793,0.777056092,0,0,-0.009920424,0.988306811,0,0
ABHD6,0,0,0,0,0.199648713,0.066051933,0,0,0,0,0,0
MEF2C,0,0,0,0,0.199031262,0.053355673,0,0,0,0,0,0
CDC42,0,0,0,0,0.197063963,0.024156623,0,0,0,0,0,0
HSPA8,0,0,0,0,0.194510206,0.129310253,0,0,0,0,0,0
BNIP3L,0,0,0,0,0.19179852,0.025466521,0,0,0.281008241,0.008778095,0,0
CISD1,0,0,0,0,0.188744653,0.058155057,-0.022598974,0.830168413,0.262176398,0.043537978,0.263536323,0.139680148
IFNAR1,0,0,0,0,0.18753879,0.02773041,0,0,0,0,0,0
NSDHL,0,0,0,0,0.187308912,0.32967765,0,0,-0.008645432,0.964198988,0,0
CREG1,0,0,0,0,0.185856399,0.149709527,0,0,0.2940992,0.007610976,0.186926623,0.151208741
LYPLA1,0,0,0,0,0.184821387,0.22066547,0,0,0.3872261,0.029737816,0,0
POP4,0,0,0,0,0.184344078,0.340581634,0,0,0.349356174,0.028601532,0,0
PGAM1,0,0,0,0,0.183107582,0.092614454,0,0,0,0,0,0
DNAJB6,0,0,0,0,0.181896193,0.034957897,0,0,0,0,0,0
NOSIP,0,0,0,0,0.181675606,0.37596283,0,0,0,0,0,0
DYNLT3,0,0,0,0,0.181337527,0.127002909,0,0,0,0,0.286796242,0.184484247
PYCR1,0,0,0,0,0.181084005,0.638024954,0,0,0,0,0,0
DFFA,0,0,0,0,0.180973675,0.183649149,0,0,0,0,0,0
SESN1,0,0,0,0,0.180847586,0.13648155,0,0,0,0,0,0
ATP6V1D,0,0,0,0,0.180324209,0.066950443,0,0,0,0,0,0
LPGAT1,0,0,0,0,0.179525351,0.056476849,0,0,0,0,0,0
HIST1H2BK,0,0,0,0,0.177977398,0.641160781,0,0,0,0,0,0
ACBD3,0,0,0,0,0.175114768,0.030042648,0,0,0,0,0,0
DUSP3,0,0,0,0,0.174877928,0.094093557,0,0,0.24188675,0.009258948,-0.016449395,0.892434261
APPBP2,0,0,0,0,0.173656259,0.045548363,0,0,0,0,0,0
TMEM50A,0,0,0,0,0.173511948,0.289226421,-0.006566886,0.966466788,0,0,0,0
CAB39,0,0,0,0,0.171315236,0.085771929,0,0,0,0,0,0
B4GAT1,0,0,0,0,0.171184848,0.155809174,0,0,0,0,0,0
EBP,0,0,0,0,0.17109927,0.487549934,0,0,0,0,0,0
SHC1,0,0,0,0,-0.000402525,0.998378709,0,0,-0.009726424,0.968947362,-0.012371494,0.955495416
UBE3B,0,0,0,0,-0.001500426,0.99304945,0,0,0,0,-0.011621837,0.921611336
TNFRSF21,0,0,0,0,-0.001794795,0.999569702,0,0,0,0,0,0
SOX4,0,0,0,0,-0.002202691,0.992814405,0,0,-0.030703088,0.885797112,0,0
PIK3C3,0,0,0,0,-0.002850913,0.984141776,0,0,-0.006269041,0.921113814,0,0
TIPARP,0,0,0,0,-0.00481334,0.975787316,0,0,0,0,0,0
PIGB,0,0,0,0,-0.005058041,0.983324729,0,0,0,0,0,0
RFNG,0,0,0,0,-0.007110201,0.984931477,0,0,0,0,0,0
SQSTM1,0,0,0,0,-0.007237761,0.946344524,0,0,0,0,-0.006590967,0.93496376
SATB1,0,0,0,0,-0.008034646,0.925416191,0,0,-0.026076701,0.697341572,0,0
TESK1,0,0,0,0,-0.008077229,0.96578925,0,0,0,0,0,0
ARHGAP1,0,0,0,0,-0.00878954,0.95628855,0,0,0,0,0,0
ALDOA,0,0,0,0,-0.008827056,0.923803861,0,0,0,0,0,0
PLOD3,0,0,0,0,-0.009501588,0.974767716,0.294108183,0.357780064,0,0,-0.012019265,0.965245323
SLC1A4,0,0,0,0,-0.009560311,0.922511722,0,0,-0.011628746,0.902646481,-0.018716867,0.828789762
SCARB1,0,0,0,0,-0.010757163,0.958590466,0,0,0,0,0,0
RRP8,0,0,0,0,-0.011990098,0.946118703,0,0,0,0,0,0
FRS2,0,0,0,0,-0.012439587,0.868471583,-0.019175965,0.784855537,0,0,0,0
SGCB,0,0,0,0,-0.013080186,0.902249394,0,0,0,0,0,0
CDK4,0,0,0,0,-0.013303522,0.953332211,0,0,0,0,0,0
NUP93,0,0,0,0,-0.013357424,0.899016153,0,0,-0.001036493,0.987403659,0,0
MEST,0,0,0,0,-0.013401318,0.889336386,0,0,-0.015122528,0.869522766,0,0
MAPK13,0,0,0,0,-0.013691899,0.933844755,0,0,-0.038983338,0.809035104,0,0
RFC5,0,0,0,0,-0.01386436,0.931870647,0,0,0,0,0,0
HYOU1,0,0,0,0,-0.01455785,0.873004866,0,0,-0.016525817,0.807955096,0,0
TCEA2,0,0,0,0,-0.015341906,0.928209811,0,0,0,0,0,0
ECD,0,0,0,0,-0.015498388,0.880962947,0,0,-0.013210063,0.897592926,0,0
MAP4K4,0,0,0,0,-0.015735471,0.857244666,0.239118994,0.046333263,0,0,-0.019056464,0.882496017
NUP88,0,0,0,0,-0.015880958,0.909326992,-0.000970519,0.993534943,0,0,0,0
DHDDS,0,0,0,0,-0.016181268,0.89707295,0,0,-0.005032079,0.964463229,-0.022891423,0.884892537
P4HA2,0,0,0,0,-0.01630548,0.92146481,0,0,0,0,0,0
ILK,0,0,0,0,-0.017715992,0.882924319,0,0,0,0,-0.032198156,0.822570709
FOXJ3,0,0,0,0,-0.017797185,0.809129261,-0.014312898,0.81649353,0,0,0,0
PECR,0,0,0,0,-0.018386639,0.942177157,3.09E-05,0.999911643,0,0,0,0
MCM3,0,0,0,0,-0.018854637,0.920506331,0,0,0,0,-0.026703414,0.894621693
SIRT3,0,0,0,0,-0.01933497,0.915544772,0,0,0,0,0,0
PSME2,0,0,0,0,-0.019519794,0.928348162,0,0,0,0,0,0
INPP1,0,0,0,0,-0.02076866,0.889318224,0,0,-0.020922902,0.884244426,0,0
TRAPPC6A,0,0,0,0,-0.021704977,0.964092301,0,0,0,0,0,0
ITGAE,0,0,0,0,-0.022882659,0.943750695,0,0,0,0,0.277433382,0.430241522
CXCL2,0,0,0,0,-0.025248195,0.977482902,0,0,0,0,0,0
GNA15,0,0,0,0,-0.025779109,0.952596168,0,0,0,0,0,0
FKBP14,0,0,0,0,-0.026124455,0.889797717,0,0,0,0,0,0
MAPKAPK5,0,0,0,0,-0.026844042,0.816744173,-0.01212377,0.916906164,-0.002355109,0.981237883,-0.040732459,0.700833239
WIPF2,0,0,0,0,-0.026885155,0.732807415,0,0,0,0,0,0
ELOVL6,0,0,0,0,-0.027642224,0.812883355,0,0,0,0,0,0
SHB,0,0,0,0,-0.027676886,0.921083921,0,0,0,0,0,0
VAPB,0,0,0,0,-0.027952993,0.769248936,0,0,0,0,-0.00832989,0.921631034
TMEM2,0,0,0,0,-0.028429851,0.752077943,0,0,0,0,0,0
AKR7A2,0,0,0,0,-0.029131109,0.868370258,-0.009931939,0.950891174,0,0,0,0
GMNN,0,0,0,0,-0.029775183,0.905290184,0,0,0,0,0,0
JADE2,0,0,0,0,-0.030257513,0.739754941,0,0,0,0,0,0
NCK2,0,0,0,0,-0.030305725,0.770026387,0,0,-0.027781361,0.799681334,0,0
PMM2,0,0,0,0,-0.030630141,0.902395538,0,0,0,0,0,0
SPAG4,0,0,0,0,-0.030882656,0.962423845,-0.014267405,0.986351651,0,0,0,0
GRB10,0,0,0,0,-0.032265912,0.723396077,0,0,0,0,0,0
MAP3K4,0,0,0,0,-0.033861812,0.651990621,0,0,-0.017892878,0.779974482,0,0
TNIP1,0,0,0,0,-0.033883308,0.782077953,0,0,0,0,0,0
GFOD1,0,0,0,0,-0.034255366,0.711492122,0,0,-0.029463306,0.68548375,0,0
CAST,0,0,0,0,-0.035039379,0.689399235,0,0,0,0,0,0
ACD,0,0,0,0,-0.036237041,0.90663014,0,0,0,0,0,0
MAN2B1,0,0,0,0,-0.036888054,0.896447797,0,0,0,0,0,0
BPHL,0,0,0,0,-0.036980902,0.862037356,0,0,0,0,0,0
EIF4G1,0,0,0,0,0,0,5.42E-05,0.99946363,0,0,0,0
NPC1,0,0,0,0,0,0,0.435884117,0.001476142,0,0,0,0
ID2,0,0,0,0,0,0,0.321591487,0.21041618,0,0,0,0
TSPAN4,0,0,0,0,0,0,0.306357106,0.557989496,0,0,0,0
FCHO1,0,0,0,0,0,0,0.295163373,0.201517575,0,0,0,0
PPIC,0,0,0,0,0,0,0.289870861,0.561495296,0,0,0,0
DUSP14,0,0,0,0,0,0,0.262099983,0.763360496,0,0,0,0
TIMELESS,0,0,0,0,0,0,0.258194223,0.522294438,0,0,-0.010859187,0.973007109
FAM63A,0,0,0,0,0,0,0.249798473,0.219082651,0,0,0,0
ICAM3,0,0,0,0,0,0,0.24766421,0.685929537,0,0,0,0
MYLK,0,0,0,0,0,0,0.245843499,0.043489554,-0.009472484,0.925066753,0.240783403,0.065538551
CDK1,0,0,0,0,0,0,0.24443057,0.752941659,0.326595065,0.601910076,0.238406926,0.778812225
CDC45,0,0,0,0,0,0,0.237203781,0.769524122,0,0,0.43967593,0.633062452
FBXL12,0,0,0,0,0,0,0.230449437,0.598621206,0,0,0,0
TBX2,0,0,0,0,0,0,0.222865168,0.703383254,0,0,0,0
SOCS2,0,0,0,0,0,0,0.210194881,0.582019011,0,0,0,0
CCND1,0,0,0,0,0,0,0.209017342,0.196852616,0,0,0,0
FGFR2,0,0,0,0,0,0,0.20820355,0.067861917,0,0,0,0
PSMB10,0,0,0,0,0,0,0.201650296,0.354737819,0,0,0.222756969,0.482865666
ORC1,0,0,0,0,0,0,0.201134529,0.814595318,0,0,0,0
IQGAP1,0,0,0,0,0,0,0.198190568,0.044496375,0,0,0,0
METRN,0,0,0,0,0,0,0.196454911,0.407187361,0,0,-0.023710812,0.922492355
BRCA1,0,0,0,0,0,0,0.190171818,0.229353692,0,0,0,0
EPHA3,0,0,0,0,0,0,0.189513691,0.336927081,0,0,0,0
DERA,0,0,0,0,0,0,0.186189499,0.29764268,0,0,0,0
APBB2,0,0,0,0,0,0,0.177831579,0.016549603,0,0,0,0
RELB,0,0,0,0,0,0,0.171921077,0.820227846,0,0,0,0
MMP2,0,0,0,0,0,0,0.17049752,0.778210476,0,0,0,0
MAPKAPK3,0,0,0,0,0,0,0.167870272,0.574667898,0,0,0,0
SPTLC2,0,0,0,0,0,0,0.1599922,0.096449266,0,0,0,0
CDKN1B,0,0,0,0,0,0,0.158401429,0.152915728,0,0,0,0
DLD,0,0,0,0,0,0,-0.000339265,0.995755604,0,0,0,0
POLR1C,0,0,0,0,0,0,-0.000552789,0.998012363,0,0,0.188846742,0.467556659
MSRA,0,0,0,0,0,0,-0.00061383,0.996938417,0,0,0,0
CEP57,0,0,0,0,0,0,-0.001246443,0.993529162,0,0,0,0
CSNK1A1,0,0,0,0,0,0,-0.001970931,0.998396595,0,0,0,0
UBE3C,0,0,0,0,0,0,-0.002177862,0.991010394,0,0,0,0
ARHGEF12,0,0,0,0,0,0,-0.003454456,0.945353002,0,0,-0.019137693,0.792851092
ZMYM2,0,0,0,0,0,0,-0.003731149,0.935157882,0,0,0,0
GFPT1,0,0,0,0,0,0,-0.00376426,0.971281379,0,0,-0.001002701,0.992057814
ERO1L,0,0,0,0,0,0,-0.004532702,0.967148882,0,0,0,0
RAD51C,0,0,0,0,0,0,-0.005170123,0.978307546,0,0,0,0
NFKBIB,0,0,0,0,0,0,-0.005827163,0.98557485,0,0,0,0
ALDOC,0,0,0,0,0,0,-0.005877548,0.946087623,0,0,0,0
TBC1D31,0,0,0,0,0,0,-0.007074401,0.942094305,0,0,-0.002183407,0.980291963
SMARCD2,0,0,0,0,0,0,-0.008329708,0.969381015,0,0,0,0
EPRS,0,0,0,0,0,0,-0.008495437,0.895366063,0,0,0,0
SENP6,0,0,0,0,0,0,-0.009181907,0.870190772,0,0,0,0
TUBB6,0,0,0,0,0,0,-0.009232323,0.974602728,0,0,0,0
NIT1,0,0,0,0,0,0,-0.009720829,0.966135622,0,0,0,0
RBM34,0,0,0,0,0,0,-0.009769312,0.923166735,0,0,0,0
NUP62,0,0,0,0,0,0,-0.009867974,0.962104577,0,0,0,0
ATMIN,0,0,0,0,0,0,-0.010540147,0.890034896,0,0,0,0
TXLNA,0,0,0,0,0,0,-0.010653291,0.92260317,-0.033898834,0.723962473,0,0
ZDHHC6,0,0,0,0,0,0,-0.011201939,0.930263706,0,0,0,0
ST7,0,0,0,0,0,0,-0.01131361,0.944456265,-0.038642734,0.775279525,0,0
RAB21,0,0,0,0,0,0,-0.011494071,0.893754267,0,0,0,0
REEP5,0,0,0,0,0,0,-0.012696187,0.863611469,0,0,0,0
EAPP,0,0,0,0,0,0,-0.013401824,0.90609876,0,0,0,0
ME2,0,0,0,0,0,0,-0.013702898,0.864734582,0,0,0,0
DNTTIP2,0,0,0,0,0,0,-0.014135436,0.869084267,-0.015372714,0.852722922,0,0
NR2F6,0,0,0,0,0,0,-0.014617734,0.966286447,-0.014022276,0.963500525,0,0
FAT1,0,0,0,0,0,0,-0.015582842,0.816683782,0,0,0,0
STK10,0,0,0,0,0,0,-0.016448255,0.946317227,-0.013419006,0.957712429,0,0
PRUNE,0,0,0,0,0,0,-0.018153484,0.919988228,0,0,0,0
MLEC,0,0,0,0,0,0,-0.018861592,0.775530749,0,0,0,0
TPD52L2,0,0,0,0,0,0,-0.019252612,0.894695938,0,0,0,0
PWP1,0,0,0,0,0,0,-0.019705163,0.854638916,0,0,0,0
ABHD4,0,0,0,0,0,0,-0.020412765,0.939916902,0,0,0,0
CYCS,0,0,0,0,0,0,-0.020689344,0.867968281,0,0,0,0
ABCF3,0,0,0,0,0,0,-0.020964389,0.846091176,0,0,0,0
IKBKAP,0,0,0,0,0,0,-0.021339142,0.716517935,0,0,0,0
SLC37A4,0,0,0,0,0,0,-0.02147069,0.952182451,0,0,0,0
ZNF586,0,0,0,0,0,0,-0.021501914,0.901417093,0,0,0,0
SACM1L,0,0,0,0,0,0,-0.022391961,0.803104668,0,0,0,0
SCCPDH,0,0,0,0,0,0,-0.022449009,0.825370704,0,0,0,0
COG4,0,0,0,0,0,0,-0.023463523,0.839917751,0,0,-0.035583652,0.769623788
H2AFV,0,0,0,0,0,0,-0.023478366,0.727113148,0,0,0,0
SLC35A3,0,0,0,0,0,0,-0.023886484,0.829800717,0,0,0,0
DNAJB2,0,0,0,0,0,0,-0.024949577,0.80091344,0,0,0,0
EXT1,0,0,0,0,0,0,-0.025205524,0.888867091,0,0,0,0
CAMSAP2,0,0,0,0,0,0,-0.025981978,0.621772371,0,0,0,0
NPRL2,0,0,0,0,0,0,-0.026130932,0.900233488,-0.017185641,0.930351903,-0.02491928,0.926217951
ATP6V0B,0,0,0,0,0,0,0,0,0.566795949,0.002424468,0,0
PLA2G15,0,0,0,0,0,0,0,0,0.301907996,0.350852061,-0.037128737,0.915846605
TXNDC9,0,0,0,0,0,0,0,0,0.281419293,0.05274747,0,0
XBP1,0,0,0,0,0,0,0,0,0.278651415,0.049190288,0,0
PNP,0,0,0,0,0,0,0,0,0.277645499,0.418830448,0.361367682,0.377248828
SQRDL,0,0,0,0,0,0,0,0,0.262414672,0.51112605,0,0
CBR1,0,0,0,0,0,0,0,0,0.260460392,0.062695905,0,0
SDHB,0,0,0,0,0,0,0,0,0.258510417,0.012020828,0,0
PIN1,0,0,0,0,0,0,0,0,0.258162989,0.011872087,0,0
NGRN,0,0,0,0,0,0,0,0,0.258026811,0.021265316,-0.02972902,0.748888397
KIAA1033,0,0,0,0,0,0,0,0,0.257702325,0.005400282,0.257632192,0.026715123
LSM6,0,0,0,0,0,0,0,0,0.257032897,0.326292952,0.261902088,0.391633986
ADO,0,0,0,0,0,0,0,0,0.256650375,0.02973182,0,0
SLC25A14,0,0,0,0,0,0,0,0,0.248355027,0.070178474,0,0
ADH5,0,0,0,0,0,0,0,0,0.248321825,0.001512121,0,0
TRIM2,0,0,0,0,0,0,0,0,0.245112287,0.028802304,0,0
ICMT,0,0,0,0,0,0,0,0,0.235000891,0.022223891,0,0
FAM69A,0,0,0,0,0,0,0,0,0.228790853,0.028490648,0,0
CENPE,0,0,0,0,0,0,0,0,-0.000239555,0.999191555,0,0
SMNDC1,0,0,0,0,0,0,0,0,-0.000598647,0.997128069,0,0
AARS,0,0,0,0,0,0,0,0,-0.001743406,0.984858924,0,0
FOXO3,0,0,0,0,0,0,0,0,-0.003548557,0.965390933,0,0
NFKBIA,0,0,0,0,0,0,0,0,-0.004319324,0.979020803,0,0
PTK2,0,0,0,0,0,0,0,0,-0.005150273,0.925068188,-0.037005519,0.607174189
STAT5B,0,0,0,0,0,0,0,0,-0.006158697,0.952024304,0,0
SH3BP5,0,0,0,0,0,0,0,0,-0.00693007,0.965122476,-0.004238787,0.98160836
ZNF395,0,0,0,0,0,0,0,0,-0.009252801,0.953771302,0,0
DMTF1,0,0,0,0,0,0,0,0,-0.011330191,0.82990162,0,0
PSRC1,0,0,0,0,0,0,0,0,-0.011719051,0.931864302,-0.009662976,0.949166773
ACAA1,0,0,0,0,0,0,0,0,-0.013138423,0.928036144,0,0
TOR1A,0,0,0,0,0,0,0,0,-0.013285173,0.930459985,-0.002129119,0.991024362
RASA1,0,0,0,0,0,0,0,0,-0.015502282,0.841508876,0,0
KTN1,0,0,0,0,0,0,0,0,-0.018696086,0.723341092,-0.012948893,0.851502098
CCND3,0,0,0,0,0,0,0,0,-0.0189643,0.928413299,0,0
VGLL4,0,0,0,0,0,0,0,0,-0.022272114,0.866076677,0,0
HEBP1,0,0,0,0,0,0,0,0,-0.023185863,0.923223458,0,0
TBP,0,0,0,0,0,0,0,0,-0.02328943,0.901209127,0,0
PTPN12,0,0,0,0,0,0,0,0,-0.025073368,0.784588563,-0.038060702,0.682963052
HMG20B,0,0,0,0,0,0,0,0,-0.025556088,0.933563122,0,0
EPHB2,0,0,0,0,0,0,0,0,-0.026049588,0.880338794,0,0
SNAP25,0,0,0,0,0,0,0,0,-0.02607951,0.824623062,0,0
LRRC16A,0,0,0,0,0,0,0,0,-0.027871856,0.758555768,0,0
CPSF4,0,0,0,0,0,0,0,0,-0.028678672,0.902788027,0,0
SCYL3,0,0,0,0,0,0,0,0,-0.029299924,0.855346746,-0.040199081,0.804862328
CYB561,0,0,0,0,0,0,0,0,-0.031271158,0.835753426,0,0
RPP38,0,0,0,0,0,0,0,0,-0.032050916,0.909795428,0,0
USP22,0,0,0,0,0,0,0,0,-0.032533937,0.635474318,0,0
FOXO4,0,0,0,0,0,0,0,0,-0.032541468,0.825178924,0,0
GNAI2,0,0,0,0,0,0,0,0,-0.033772851,0.65706897,-0.006539311,0.931048687
TFDP1,0,0,0,0,0,0,0,0,-0.036033512,0.785348284,0,0
CBR3,0,0,0,0,0,0,0,0,-0.037974415,0.925441436,0,0
CHEK1,0,0,0,0,0,0,0,0,-0.038103095,0.917241806,0,0
COASY,0,0,0,0,0,0,0,0,-0.038574699,0.854737101,0,0
EML3,0,0,0,0,0,0,0,0,-0.039046634,0.901586877,0,0
ALDH7A1,0,0,0,0,0,0,0,0,-0.039364701,0.728797051,0,0
HTATSF1,0,0,0,0,0,0,0,0,-0.04015787,0.584179898,0,0
CNPY3,0,0,0,0,0,0,0,0,-0.041587875,0.78016625,0,0
KIT,0,0,0,0,0,0,0,0,0,0,0.467311587,0.094705256
GLRX,0,0,0,0,0,0,0,0,0,0,0.414815035,0.103832587
MUC1,0,0,0,0,0,0,0,0,0,0,0.303115748,0.708764094
KIF14,0,0,0,0,0,0,0,0,0,0,0.282889927,0.67413108
TOMM34,0,0,0,0,0,0,0,0,0,0,0.280902776,0.261245193
GALE,0,0,0,0,0,0,0,0,0,0,0.27527861,0.521409775
HTRA1,0,0,0,0,0,0,0,0,0,0,0.252574911,0.02888473
PRR15L,0,0,0,0,0,0,0,0,0,0,0.228615715,0.792805825
GOLT1B,0,0,0,0,0,0,0,0,0,0,0.216962061,0.059960207
POLB,0,0,0,0,0,0,0,0,0,0,0.213757885,0.271690215
SLC25A13,0,0,0,0,0,0,0,0,0,0,0.20690669,0.224805731
ASAH1,0,0,0,0,0,0,0,0,0,0,0.205173295,0.085486709
SCP2,0,0,0,0,0,0,0,0,0,0,0.199185136,0.038926479
HIST2H2BE,0,0,0,0,0,0,0,0,0,0,0.193414218,0.371080534
FZD7,0,0,0,0,0,0,0,0,0,0,0.193407875,0.49969417
ADGRE5,0,0,0,0,0,0,0,0,0,0,0.193277351,0.638602383
SLC11A2,0,0,0,0,0,0,0,0,0,0,0.190972706,0.105837918
CSRP1,0,0,0,0,0,0,0,0,0,0,0.188027206,0.201623713
CBLB,0,0,0,0,0,0,0,0,0,0,0.183158176,0.238636525
GTPBP8,0,0,0,0,0,0,0,0,0,0,0.182764892,0.45236668
NFE2L2,0,0,0,0,0,0,0,0,0,0,0.182506681,0.109908483
CASP3,0,0,0,0,0,0,0,0,0,0,0.181974825,0.390498778
GTF2A2,0,0,0,0,0,0,0,0,0,0,0.180363556,0.334340316
PAICS,0,0,0,0,0,0,0,0,0,0,0.178989511,0.198480774
PAFAH1B3,0,0,0,0,0,0,0,0,0,0,-0.000308893,0.999323414
LIG1,0,0,0,0,0,0,0,0,0,0,-0.000993384,0.996286727
MBTPS1,0,0,0,0,0,0,0,0,0,0,-0.002988889,0.994179428
SPDEF,0,0,0,0,0,0,0,0,0,0,-0.00687307,0.993926325
HDAC6,0,0,0,0,0,0,0,0,0,0,-0.0068865,0.959021703
SSBP2,0,0,0,0,0,0,0,0,0,0,-0.007864679,0.944702247
PSMF1,0,0,0,0,0,0,0,0,0,0,-0.009902908,0.941737308
EGF,0,0,0,0,0,0,0,0,0,0,-0.014540236,0.966586018
BLMH,0,0,0,0,0,0,0,0,0,0,-0.014556168,0.928300755
TP53BP1,0,0,0,0,0,0,0,0,0,0,-0.014786818,0.837504922
UTP14A,0,0,0,0,0,0,0,0,0,0,-0.017054126,0.914409241
NOLC1,0,0,0,0,0,0,0,0,0,0,-0.017516361,0.835966534
APP,0,0,0,0,0,0,0,0,0,0,-0.018028026,0.870022551
ALAS1,0,0,0,0,0,0,0,0,0,0,-0.018549376,0.896123215
NVL,0,0,0,0,0,0,0,0,0,0,-0.019158923,0.891808437
TCERG1,0,0,0,0,0,0,0,0,0,0,-0.021031687,0.740907768
TSEN2,0,0,0,0,0,0,0,0,0,0,-0.021364169,0.899361591
ATP5S,0,0,0,0,0,0,0,0,0,0,-0.022715539,0.881601235
PCK2,0,0,0,0,0,0,0,0,0,0,-0.023670453,0.952592781
ITGB1BP1,0,0,0,0,0,0,0,0,0,0,-0.025339174,0.819598573
CRTAP,0,0,0,0,0,0,0,0,0,0,-0.026342901,0.779606829
PLEKHJ1,0,0,0,0,0,0,0,0,0,0,-0.026927435,0.929772891
KIF5C,0,0,0,0,0,0,0,0,0,0,-0.029907773,0.744812968
CIAPIN1,0,0,0,0,0,0,0,0,0,0,-0.031122177,0.845152383
XPNPEP1,0,0,0,0,0,0,0,0,0,0,-0.033521715,0.797061054
BCL2,0,0,0,0,0,0,0,0,0,0,-0.034451335,0.770837784
GAA,0,0,0,0,0,0,0,0,0,0,-0.037210941,0.897989925
ZNF589,0,0,0,0,0,0,0,0,0,0,-0.038766915,0.76986647
ARID4B,0,0,0,0,0,0,0,0,0,0,-0.039054485,0.524221469
PRSS23,0,0,0,0,0,0,0,0,0,0,-0.039739343,0.848229087
HADH,0,0,0,0,0,0,0,0,0,0,-0.041802412,0.82626886
TXNL4B,0,0,0,0,0,0,0,0,0,0,-0.042061568,0.858549251