Name_GeneSymbol,NAC,NAC_Pval,PFC,PFC_Pval
PAX8,2.54892698930223,0.0188748701789994,-1.40960414278884,0.11156168428592
FUT1,1.46707324727681,0.125036398007761,0.974120865192159,0.135033453194258
FOSL1,1.30149416385167,0.0543842378827875,-0.0608733951602906,0.933685396749989
SPDEF,1.09937467970594,0.0996741333565079,-0.222200564077308,0.709342009375991
CCL2,0.776544012527721,0.115306287518627,0.466335164377213,0.572801578768703
MUC1,0.69673061366792,0.00392586199103864,-0.13785998107614,0.641654689336502
HMGA2,0.412613764621917,0.232973055691114,-1.24328341724678,0.0452838339307074
DENND2D,0.379400710378661,0.185980213334041,0.40124052682436,0.127167929141021
ORC1,0.374990961463559,0.0365388219052164,0.378901610539515,0.0114917355082561
BMP4,0.339189987321903,0.028111730445977,-0.440761528586369,0.0564431810893055
ITGAE,0.256049619495323,0.374904682519549,0.462304186481103,0.287747665181342
CRTAP,0.243474253852321,0.0588282250940194,-0.164464473170411,0.329884251629205
PLP2,0.2392118440809,0.426095639299852,0.656181428881522,0.000774067948788483
GATA2,0.236919504558768,0.252954950013904,-0.0360435740817109,0.880996219441111
SYK,0.232298376635873,0.0537753668996574,0.04512907443391,0.955061871004173
DFFB,0.218042602719578,0.0138759675469502,-0.0176254766532645,0.849368445573581
TSC22D3,0.203118591373967,0.0169152725886184,0.152391219883072,0.0179346472224252
STXBP2,0.200189406131478,0.020118654890544,0.344877030285114,0.000125813327396669
PSMB8,0.189891164920099,0.121455918323195,-0.0871694385517462,0.638918902650527
PPARD,0.18932942477179,0.0824249148016841,-0.250041521765165,0.0683987757982911
ICAM1,0.182095206251788,0.198347026806517,-0.190225405707055,0.237993137922536
BTK,0.181167907268247,0.446548822029216,0.00589151325052426,0.977668232056108
CDC45,0.180423822103163,0.189333431918046,0.0585278922589876,0.689330914806351
TLR4,0.174216725480609,0.204186455414947,0.00561661357103231,0.971189197475513
CASP3,0.166385155638388,0.140687771698319,0.141369539700386,0.0541958857369806
SLC27A3,0.162732352336371,0.238567018769842,-0.0562382010807443,0.681588834614466
SUV39H1,0.15967248429727,0.0413516957197237,-0.042311637232852,0.439164577180891
TCTN1,0.158109713918757,0.0626110202701648,0.206871402956467,0.0368399997284329
WFS1,0.157639826517958,0.186551788393818,0.0118878620156328,0.917303844733744
CHEK1,0.15695782747824,0.241866953132208,-0.0245449276531222,0.970583684201351
NFKBIE,0.149520268769633,0.31165387001657,-0.174611264070926,0.19170857721121
ST7,0.149078220441507,0.00997946907465706,0.0726803432623953,0.211504889025286
IL4R,0.148880914996899,0.135498621633567,-0.249154165559545,0.0621656138126387
CD44,0.145345188592876,0.344664431507304,-0.246024554886502,0.14019466167441
C2CD2,0.142623685505289,0.0061676891182448,0.111654750432445,0.130589076084491
IGFBP3,0.141582712209798,0.0737890603540983,-0.0724519109645691,0.402627225219588
LIG1,0.135345016059662,0.329998748704001,0.0241493431892356,0.839407835360391
SHC1,0.134973784286867,0.0913657994653884,0.00277266175882509,0.98272967462798
SPTLC2,0.133958526353926,0.00780156778506539,0.0702133046938898,0.153687994777896
HPRT1,0.130262522056107,0.00290959428023836,-0.0180376543364916,0.770473175592507
TSPAN4,0.129434781561715,0.168513003388513,0.0791066834182657,0.461293566689143
PHKA1,0.129201157662242,0.128366532754853,0.0559841899872184,0.396389510060586
CASP2,0.128896145343481,0.061672101556748,0.167150890327412,0.0085000813141031
RRP8,0.127141825487437,0.01947188910647,0.00513515567457272,0.944114091209611
IKBKE,0.12662567456145,0.449132163961442,-0.0188258741098935,0.920547669776967
GALE,0.125741898482541,0.238021393508261,0.0278202729173599,0.787973561205509
FAM57A,0.124694111355153,0.141966606797889,0.162324890155672,0.132793796298667
SERPINE1,0.124214987751612,0.150567076043941,-0.0409310024861562,0.854894695485803
PPOX,0.121600515076157,0.0741216201620531,0.0880706922647083,0.337992817653088
CTNNAL1,0.120433690114836,0.00690165083132886,0.0491887896285434,0.483465589826812
ZNF395,0.119417276997158,0.350934609795451,-0.0616908770678068,0.712802935685668
PXMP2,0.118368897173786,0.319490361864459,0.143032115270559,0.27724013472316
GATA3,0.117164136883243,0.904145374608055,0.392536521698588,0.700406104454539
POLG2,0.116337711257165,0.378141655294695,0.069663340210499,0.631500746581966
PROS1,0.115539678806893,0.136544367687605,-0.0064299917178087,0.949419638900126
TCTA,0.115347008553794,0.0647939526292409,-0.0235748000299814,0.724247358358732
MAN2B1,0.114240142487166,0.0565498058902611,0.175815057645424,0.00690091994210835
RPS5,0.113555771172162,0.0551109340935018,-0.304263656974557,8.25040768568303e-05
DCTD,0.112612490951962,0.0709453694439825,0.0713403141278382,0.479793786856709
CIRBP,0.112115082985918,0.198402163217974,0.126665860694688,0.0943128265800976
PCBD1,0.110418531153652,0.656156909810029,-0.121838087256868,0.318459698252073
PYGL,0.110005404055807,0.40541355384479,-0.0248853590351267,0.833350889898982
RRP1B,0.109074741627048,0.00531014000778377,0.000942803115119199,0.988410581784022
PIGB,0.108472773345978,0.269906323963456,0.0745429490330707,0.399194251577511
PAF1,0.10556533535087,0.00318191322786846,-0.114048499828316,0.0195961509430834
MAP2K5,0.104986141429609,0.0177899654997793,0.162936839792394,0.00421714019047134
HERPUD1,0.104659323780292,0.0307950824310413,0.00734652546343138,0.892113097429392
SLC25A13,0.104198397722525,0.245055684511181,0.117229698715819,0.599116547057408
TCEA2,0.103583631028716,0.262465629851472,0.159844387060481,0.0154358940266213
LRRC41,0.103528110756104,0.033422575412492,-0.00788112775564879,0.912876742962423
P4HA2,0.10210847136433,0.181137771454762,0.0369546141764854,0.647476377696824
TPD52L2,0.10204394151796,0.0111760684199243,0.000673696042576433,0.988627779844701
ARID4B,0.10156204522623,0.0292221719676875,0.0199807049867289,0.668617183462406
EZH2,0.100304643856399,0.0839526858049016,0.0239564407101902,0.801869504385293
AMDHD2,0.0996961419340071,0.183337500814937,0.0848940924947826,0.393351490926553
GRWD1,0.0993204733830368,0.18720934511911,-0.0520911105854316,0.991382043055613
ADAT1,0.0979026146969194,0.149432095935921,-0.0547129558803358,0.658131489373849
TRAPPC6A,0.0976944613913064,0.36731227218443,0.180514952812819,0.314090535117465
BRCA1,0.0970104391328972,0.219034981229756,-0.0876182230948493,0.535601972509233
PAN2,0.0969800920161935,0.0840262384614362,0.0274892091087134,0.705311539079731
GRB10,0.0957536084760784,0.296332198286603,0.0483648817515386,0.434753884726381
DDX10,0.095335847627872,0.025130689150784,-0.0376852960317019,0.354834380113491
HDGFRP3,0.0952318444027893,0.0225300926137876,0.0129168164080918,0.711490964010787
DDB2,0.0951589031045555,0.270453725362033,0.112772342451187,0.279659922211949
SLC5A6,0.0927812976356642,0.343780513920929,0.102180642655029,0.196825474846643
BLCAP,0.0913842714109449,0.103915494631917,0.0273916739730561,0.615938135068098
LPAR2,0.0882094819309033,0.732687737109642,-0.0987717296991263,0.698546181316207
GHR,0.0869321203486963,0.12559530805866,-0.0704566458079766,0.404412057617498
CHIC2,0.0865681896466914,0.172067222093393,0.000225999469170866,0.997624937425355
MALT1,0.0860895313383828,0.0885640989313026,0.0923516924426209,0.187477513208472
TSEN2,0.0858817954254122,0.100162306169544,-0.064746028569354,0.447976630100062
EDN1,0.0850693849149585,0.587921166148627,0.00593721359865581,0.969236642890349
ATP5S,0.0849636386351306,0.238562958733137,0.0762043202115955,0.347374050403489
GTF2E2,0.084586132387694,0.113840918728295,0.0286754662013162,0.61924734096374
IFRD2,0.0844046336047305,0.418197137369033,0.119401224097574,0.309616341799993
MSRA,0.0842633996658722,0.219346198911808,0.0823255657642028,0.132847126793404
WASF3,0.0831709549633892,0.0333511809812405,0.0565291005334922,0.371621870721562
NET1,0.0829189180173708,0.307761631335747,-0.0246224019222361,0.756051675196631
MYCBP,0.0828847352871019,0.125182568668268,0.121920022078197,0.0441314891822448
AKAP8,0.08212247044094,0.0212282869690176,-0.0246455348790943,0.535749116880187
BIRC2,0.0820777913342094,0.06693224808813,0.0546177138595567,0.185139135384625
PNKP,0.08110911369222,0.236402714794419,0.014740516382262,0.854306503839106
PSME1,0.0805744268120342,0.195786840459712,-0.0507195987845841,0.433282790536895
CCNA2,0.080423334881765,0.540509514534776,0.0920068713820674,0.542843470212847
KIAA0355,0.080165361089632,0.0775963648197593,-0.0328893911312058,0.671399246007592
CETN3,0.0791612181198137,0.165120180403973,0.0147061913510647,0.801946690491572
LRRC16A,0.0788866551366131,0.183360362528168,0.00430198553062104,0.935648416777857
ECH1,0.0785476412318238,0.101330172324498,-0.0380289097273309,0.600338731163923
VAT1,0.0781972958056074,0.58473914869653,-0.160063706071858,0.0207428233866946
GLOD4,0.0781643920286831,0.193809938184146,0.0467998083369122,0.383562070662051
INPP4B,0.0781247862317297,0.539849304877709,0.185985308180254,0.0759267832636662
RPA3,0.0771769149398091,0.282508875468018,0.141888857911191,0.180531046504858
TIMM17B,0.0754712841103693,0.359950640807626,0.0478864325725737,0.82428481026898
PMM2,0.0753399007826347,0.206400975006229,0.0741431588440937,0.243708658976906
RPIA,0.0742461924662919,0.185793389836554,-0.0592289440055088,0.28436474486937
ISOC1,0.0742008507436411,0.155917072044933,-0.0874006938355865,0.130415546077775
CNOT4,0.0730454893773521,0.0436177034504015,0.101435259928225,0.0126251729110926
ZNF451,0.0730070375103983,0.13473048289869,0.036850988295969,0.527578640469185
IDE,0.0727994320708082,0.431321218642264,0.0886907176692198,0.233298264943169
CYTH1,0.0717223346333302,0.0425853171946012,0.0560390280851112,0.324384322249916
FDFT1,0.0709459531538488,0.0783752353740654,0.150612177773214,0.0372188030764043
POP4,0.0702370336955367,0.132266690917871,0.0107833161028656,0.848103402295728
EDEM1,0.0701115219772918,0.213341105716553,0.00713367912231658,0.911004031404698
STAT1,0.0691787890166285,0.155481086344882,-0.0218224872776633,0.665522308623054
CEBPD,0.0687813497718253,0.596559174547983,0.0474195844185133,0.832039939197738
TIMM9,0.0680787575886628,0.133148253097805,0.0751264798231902,0.148234213981347
KIAA0753,0.0676085702866699,0.113098003254856,0.0312329652483713,0.586711393166235
TSPAN6,0.0675312317278905,0.651307475420717,0.0486323695336282,0.469026774700729
PTPN6,0.0672945723168203,0.410992609893707,-0.242170138394217,0.0246218910066267
SSBP2,0.0672821066481924,0.0837700122995321,-0.0546717974678056,0.151804223596567
RBM34,0.0667861187040807,0.125919601652731,0.0070593188064896,0.885810603375935
AGL,0.0663723022572654,0.235475688765621,-0.0371101201612264,0.527772239279966
LGALS8,0.0662150706136344,0.61642365446717,0.00790574379079212,0.887432006357478
ACD,0.066010413609554,0.359865762461652,-0.113771087614623,0.217970218463536
CD320,0.0656142351830982,0.327289707323177,0.071027848519622,0.329862834119199
POLR1C,0.0654867841791166,0.235455925318656,0.0990778976926317,0.158795895981742
HADH,0.0652059126088876,0.220091143928284,-0.0104853668824295,0.905201099961961
NGRN,0.0646403335121083,0.274548430234086,0.126785352649103,0.0488465957069137
CDC25B,0.0628471000420653,0.372369700140832,0.0788035866807824,0.322715142443353
HAT1,0.062813261983059,0.276121772806903,-0.0544790088435739,0.415881638556995
RFC5,0.0626897005689542,0.325645947007298,0.139078272483481,0.0948409557273427
EPB41L2,0.0623383933705461,0.201719568903956,-0.0468403094178664,0.449374434366208
AXIN1,0.0620943227317691,0.12695132644428,-0.113810260875801,0.0323604357030367
GTF2A2,0.0616730081604128,0.160475854925066,0.121761023494234,0.0348973548366714
TBC1D31,0.0614631665481679,0.462170594707745,0.239311040051221,0.00973911968225825
EBNA1BP2,0.061162613902697,0.101058941875978,0.0511286329806489,0.290138650322662
GSTZ1,0.0608014725945764,0.386289600691927,0.00693718167224287,0.897894697325439
MNAT1,0.0604723165618076,0.239934226185617,0.0258028102343863,0.644994862788887
LAGE3,0.0602154207532435,0.417739740451567,0.111330098405593,0.221997128936547
PSMF1,0.0601092588992739,0.173803739132758,0.00457694480238244,0.9409400150768
TEX10,0.0597823829513896,0.117727439757894,0.113520823600523,0.0259468007179991
VAV3,0.0591106083486171,0.467744457816424,-0.0364597324626608,0.669822613008232
EGFR,0.0590467468998879,0.384386691678992,-0.102367618503512,0.124667477886694
CCNE2,0.0581120559173842,0.369462833149475,0.0257315975199233,0.719008882357289
TBP,0.0579007413699891,0.0924151293554462,0.00279793009062671,0.957779482712932
ASAH1,0.0578994164967916,0.168492977092981,0.0163635090312906,0.688247543651845
TMEM50A,0.0575472899189125,0.160567990934583,0.0514376244470201,0.332353137228839
MAP7,0.0575314257979194,0.238631750639969,-0.0259337317910145,0.662440456636339
IFNAR1,0.0572854248571795,0.0699799657517614,0.00593850967624992,0.910229924633094
VPS28,0.0565664510430089,0.214496271120169,0.000283641038203233,0.995312108021738
PHKB,0.0564565100398129,0.164774578230256,-0.00299279371679072,0.940714401176709
HSD17B10,0.0560933650955496,0.353240695373904,0.0315522013316549,0.672780308192165
UBR7,0.0560646317362894,0.176291921813493,0.0532246202341491,0.228650227529522
HACD3,0.055850649608086,0.251980326152121,-0.0567727866048384,0.117195517732581
EPHB2,0.0551019868718598,0.61032020231995,-0.0261415550333767,0.784763408271531
NOTCH1,0.0550970148722268,0.564304649562806,0.011453677538036,0.92054979352689
PCK2,0.0549525953542532,0.60795483242164,-0.0805673445320682,0.250755032472435
DNAJB6,0.0548972851541421,0.181507389938819,0.635769370172817,4.45837090708663e-05
BZW2,0.0545977184687088,0.349475506975151,0.119047070084926,0.0175283107325759
CDK4,0.0545161021326576,0.26055723291555,0.0576589021155029,0.397626796868709
ARNT2,0.0544359770249493,0.136948180200311,-0.034746878886875,0.507310865140561
ST6GALNAC2,0.0529331320782356,0.589193464754273,-0.0909100587596078,0.578581595878074
SMARCD2,0.0529053439121511,0.357537919434693,0.0179045871597008,0.818035561328319
CREG1,0.0527512879355086,0.176618888476496,0.0333390559326275,0.554802527336322
DYNLT3,0.0523954169563856,0.337345036491425,0.0539596298254756,0.245694050971506
MAPKAPK5,0.0523150836995078,0.150072955777233,-0.032384050967129,0.501770587608262
RPP38,0.051948631052003,0.44264914146921,0.0926347918137902,0.298031242552922
KIAA0907,0.0517621561685798,0.266276760606923,0.057024720815426,0.350380796619198
PGM1,0.0517588846224031,0.19000740450336,0.0635255238565501,0.220801258577827
HDAC6,0.0510234869938069,0.188171637614695,-0.0792855528163743,0.207540935895478
YTHDF1,0.0493648653287848,0.339369965569819,-0.0869340796908122,0.144209212319234
AKAP8L,0.049144860554924,0.218899459137867,-0.000787790741509148,0.983790838233356
PDHX,0.0490126177315542,0.323923899981309,0.0768168992996628,0.100972046736978
MVP,0.0490060035226736,0.457668575918426,-0.221358442642366,0.148393467539072
TCERG1,0.0483631927326594,0.157884321773813,0.0590838115260592,0.255825905721793
FCHO1,0.0481400283463356,0.539472882775935,0.0539692644502315,0.445236008442912
ABCB6,0.0480953358522729,0.272748838813174,0.0216057244439243,0.73489874354682
RPS6,0.0476754909282313,0.308174373135393,0.764272346077411,1.03365749508684e-05
NUP85,0.0475496700923962,0.195517419971226,0.0594318835277377,0.22200417540864
CCDC86,0.0468670252296916,0.646405492751891,-0.053916901054763,0.77796401007637
RBM6,0.0468323223599121,0.139214809468289,-0.0347673504746841,0.48200382635803
GPATCH8,0.0467704886188154,0.374269217439829,0.00249721081055368,0.956369334714235
SLC35F2,0.0466987649725608,0.671504062253448,-0.00964449645054404,0.931131271467458
TXNL4B,0.046551287061345,0.308039839687577,0.0483354981805587,0.399218806829494
FAM69A,0.0465121823026849,0.274201318245106,0.117436235685289,0.0358415114557809
GNPDA1,0.0455924401990729,0.389029514371352,0.224485745769122,0.000348921200211644
G3BP1,0.0455172798976675,0.230483526884195,0.0948595142134525,0.0291315068294051
SESN1,0.0453603800389472,0.321488143137412,0.0117905014558693,0.820528080190074
GLI2,0.0452674185889099,0.7644569598158,-0.196865655571117,0.212448946169769
SUPV3L1,0.0446376213226241,0.348194611097494,0.0311097415375229,0.657758212006855
KIAA1033,0.0443757373772711,0.402919505213419,0.00779158875219209,0.852101281242088
MYL9,0.0442219805587197,0.586601049421772,-0.326251678962073,0.117332323472314
SNCA,0.0435115588127779,0.652617034786055,-0.0363330966317692,0.477864242234008
PARP2,0.0432282267738149,0.293098000124637,0.0119569226396421,0.832952543314618
CLPX,0.0428280340226226,0.243275855236517,-0.0361286576761048,0.449059965852229
CISD1,0.0425615000404314,0.277790378903424,0.0343282217721539,0.481989433114733
BCL7B,0.0422077424315846,0.408997214727524,-0.0278733521914702,0.544670014270983
ACAA1,0.0418396712531104,0.733801650406836,-1.22279269666383,1.261368924171e-05
RPA1,0.0417678063178078,0.220414377869819,-0.0487472646623905,0.349440560285051
CTTN,0.0410979421228893,0.267300262527051,-0.0980687346421396,0.0306646974129546
ABHD4,0.0409994253211672,0.434654259815337,-0.0879870630445808,0.282262514418566
TRAK2,0.0407337448530528,0.507263878037312,-0.0594762016250488,0.189852637007014
PPIE,0.0405937427249434,0.540867506316006,0.0458023769733383,0.990790357645031
SLC35A3,0.0405037554497913,0.359306234090322,0.0172772561589929,0.69743561924786
TOR1A,0.040133920103722,0.274680011914417,-0.0242610123068221,0.669621709265679
MAPK1IP1L,0.0400996430998427,0.371246966456059,0.218455947870408,0.000184080184025752
RNPS1,0.0395686196773939,0.197736675282015,0.213500175220294,9.09355692246996e-06
SNX6,0.0390683108761899,0.393986400349196,0.0113044447943892,0.789347817601296
ELAC2,0.0389101546483536,0.451358786048964,0.00723469401531281,0.868535441399993
HOOK2,0.0388866275447072,0.564856648456995,0.0788533611023626,0.186113824222356
RALB,0.03880560383565,0.573004893804698,-0.0941166431229631,0.235923722773895
PHGDH,0.0385909018914657,0.470114656455495,0.412811340564269,0.0164911392514605
PAK4,0.0385612940186224,0.695873539851573,-0.0945257466511798,0.455995237322134
SDHB,0.0379270154278994,0.374960809357347,0.125074656328441,0.0170094337617092
ALDH7A1,0.0378156058433584,0.294732922611923,-0.0294810300526544,0.53631662233136
ADH5,0.0376097279362399,0.465222086367235,0.0316150472207395,0.580286967726561
DUSP11,0.03722002072973,0.483368612598708,0.0517010585586895,0.333711697683582
IKBKAP,0.0371623778449043,0.291158084467325,0.0827495125028796,0.0359706044427887
IARS2,0.0370961555219376,0.251894448169984,0.0193056726112963,0.63035999824105
ERO1L,0.0370076046624021,0.311581756226237,0.0569786706484305,0.196005764080259
PDIA5,0.0369173609145147,0.74283633822357,-0.0319214547260849,0.904139809742967
ATF6,0.0367483701373711,0.661748316032635,0.0238000169198351,0.708428516095403
MAP3K4,0.0366634821733225,0.401848942091102,-0.0289175518597633,0.550354602540233
HIST2H2BE,0.0360800244586486,0.669037957847129,-0.097076823392659,0.252313361877545
RAB27A,0.0360602448629726,0.667806899556946,-0.0370988647246282,0.679722357297992
ANKRD10,0.0359823483593961,0.344303585557188,0.0508932533884815,0.319140283550923
PIK3C3,0.0358975971708342,0.301075498896178,-0.00587978337536412,0.878771123732295
CHP1,0.035809137228328,0.421367342842022,-0.0543959839199261,0.225195336489405
CAT,0.0350424390858157,0.465795317988159,-0.0448063552836763,0.513356488201737
FBXO7,0.0347453453665674,0.422199957600047,0.0397113121942881,0.515019467324017
ABL1,0.0346493386116454,0.428537393922887,-0.0797620224245177,0.161543306362284
PFKL,0.0342158727928033,0.466575067548084,-0.0895413994867019,0.0152204091843088
NUDT9,0.0341760430452435,0.335325080188386,0.0220426349951445,0.659343211968949
LSR,0.0339151171559973,0.739460136222502,0.0412028093813569,0.756313290607641
GOLT1B,0.0334184307173067,0.425403417769063,-0.066468401208737,0.188340076447875
EAPP,0.0333947165720705,0.317379574426402,-0.0349686274797634,0.454466802112182
NOL3,0.0331246368144049,0.635751392474157,0.00826983310801294,0.937468602112777
TMEM97,0.0330989491188362,0.765051785807589,0.156620297091818,0.0796794018760135
MSH6,0.0329148508173037,0.397763258771336,-0.0320643949506116,0.46969397788135
NUDCD3,0.0324089184994046,0.382550082768594,-0.0109366358154466,0.788600929529684
PSMD4,0.0322546378070647,0.373280487077996,0.00864677783410874,0.853692869410853
SACM1L,0.0315399915295202,0.595834807597541,0.0357772120841029,0.49961974057747
RAE1,0.0308093202361649,0.535033552404941,-0.107402451224135,0.106657029381613
ANXA7,0.0307958620352623,0.393243174534561,0.0730565854811387,0.11093060226996
TMEM2,0.030791314122736,0.624196613220503,-0.0416215335884326,0.61253218279634
KAT6B,0.0307799725372524,0.43485374001371,-0.060173526823409,0.0915269695349046
PLS1,0.0300934597098321,0.593603717107701,-0.0982119701260566,0.60440268202599
SPAG4,0.0300403755251356,0.83541844701185,-0.129127441179864,0.408489241291278
RNMT,0.0299487148106001,0.488477349916581,0.0516587920877331,0.196498146702199
SNX7,0.0297264289382112,0.556732231709855,-0.027985005003503,0.621629353645666
NUP93,0.0293214803843187,0.76966311141821,0.171514057860916,0.00325348584588611
ABCF3,0.0292441091570061,0.449403728677955,0.0092540214208501,0.819149137261863
PGRMC1,0.0291350782286078,0.619847017861536,0.0148114802480474,0.672273444059111
NUP88,0.0291027381416262,0.379940929884581,0.0333436366750347,0.410156952868027
RNH1,0.0289344928280213,0.583705655187881,0.0429956110872868,0.50806031967275
HIF1A,0.0288718727621689,0.451683764755165,0.023598428071352,0.537957121879849
ASCC3,0.0287498299718516,0.435872665396979,-0.000923071154913034,0.982578470451188
BHLHE40,0.0287234060033416,0.672464905439971,0.0693307299373056,0.643705445934977
LSM5,0.0279827379980193,0.700825282147956,0.42517572883857,0.000523476521360385
MEST,0.0278568374713324,0.560289659182355,0.0764475287751794,0.236510959640234
KLHL21,0.0275490999142455,0.685540363237515,0.0476610534563557,0.648070612232986
XPO7,0.0268536928767183,0.391032743311337,-0.0291732276230004,0.448905575379226
FASTKD5,0.0267757776008317,0.685080568312238,0.00372000144264533,0.954498650550608
SLC35A1,0.0260835865634034,0.612993408598453,-0.0365336015585967,0.542019872327692
P4HTM,0.0256278727239495,0.600300341282904,0.055097983774577,0.239267119332189
TWF2,0.0255708644598461,0.646135583087713,-0.0618388948963142,0.393802197997846
CYB561,0.0253774848975591,0.540618738987591,-0.0298326476306259,0.668019790733673
FIS1,0.0252734294931498,0.52456227812401,-0.0150370479228622,0.819475538309795
NIPSNAP1,0.0252364885141288,0.534218714315761,-0.0066143235456685,0.895455363657517
TERF2IP,0.0243180583612764,0.424752925775266,0.0027293632495059,0.953920028970051
NCK1,0.0239831067581096,0.611123033673692,-0.0110454012775076,0.857276019638958
IGF2R,0.0239015784293796,0.498182718331556,-0.00589085669815741,0.904117582768337
USP22,0.0238765323212581,0.526653309529629,-0.0343423142749892,0.434543916382822
RAB31,0.0237684265555912,0.696129356931063,-0.0918032714544748,0.252006382566659
TARBP1,0.0236989958353817,0.696567819017349,0.191192996881249,0.0238529926789331
TES,0.0236658608899494,0.881902084273309,-0.098116038214464,0.5951640976347
COG7,0.0235904471796606,0.466987041540988,-0.0470123553754639,0.298463765413151
RB1,0.0235414111332718,0.479029145179129,-0.030184346766724,0.582514975070807
ZNF131,0.0230334105634853,0.596885616030681,-0.0118595532575779,0.792768097052694
SMC4,0.0229086013270603,0.778359104888688,-0.143588240170216,0.102440139575075
KIAA0196,0.0228575819329512,0.535783225788476,0.0579600049095202,0.219467627651517
SOX4,0.0225457668126977,0.909174459542566,-0.0848868872443503,0.464830040583824
RAB11FIP2,0.0225442662071258,0.563624474184478,0.0103756108301776,0.790396733792974
RUVBL1,0.0217193447460473,0.588343474843645,0.233417691860666,0.000464496216724699
OXSR1,0.0216597550603334,0.60059430733021,-0.0197381306409301,0.767213006886357
TMCO1,0.0213586268638615,0.651776056790895,-0.0990412502787344,0.0342741131092165
FEZ2,0.0213298966144263,0.720324807456402,-0.0448362242217511,0.33961324167667
SMC3,0.021303771332973,0.580548674608029,-0.0274877703740877,0.521218900315375
CPSF4,0.0212975789895894,0.704328881744253,0.0353306503311841,0.558524318372534
EML3,0.0211442499018194,0.824348205031344,-0.124227262890047,0.320691302382328
MFSD10,0.0206995828329816,0.741197714342244,0.0455843124571749,0.613295429651746
CRKL,0.0203236957691317,0.655773657114147,-0.0102388600003496,0.873415144636668
TIMM22,0.0202762970852395,0.613587270800439,-0.0250195573774638,0.644878778729311
MCOLN1,0.0202317189194031,0.694541391431525,0.0396578082003253,0.37846812441549
SCCPDH,0.0201160205742607,0.835278155796532,-0.178537588217318,0.0501379112556083
LSM6,0.0199910938010265,0.650872204905961,-0.0155478490303414,0.769840952863272
NNT,0.0199506413019727,0.710104702309356,0.013760331961629,0.83569832343461
MYCBP2,0.0196692745238008,0.55795150069377,-0.0260756977267817,0.516463627693233
SCP2,0.0195450105167185,0.68115199135943,0.266584023679482,4.67071479732576e-05
LGMN,0.0194645412795316,0.72279664934128,-0.11031648287139,0.0234287715808035
FAM20B,0.0192523947562338,0.626151659627564,-0.105805117672874,0.00956412166777566
OXCT1,0.0191559895599075,0.70404961674563,-0.0753308744980797,0.0604997959853063
PRPF4,0.0186627516893523,0.589067282953798,-0.0682263337819853,0.192270057125407
ANO10,0.0186423153018649,0.801470223875581,-0.0407894923421575,0.581300993787988
PIK3C2B,0.0185060447616496,0.869247135078446,0.06914349310486,0.478185413901588
FBXO21,0.0180976045079109,0.52891795844781,-0.0516746455475588,0.284660177973994
PRKCH,0.0171547609379305,0.8881650957129,-0.13265252002808,0.28825229377351
TM9SF2,0.0170115592277315,0.597738549116917,0.0423505668955663,0.246140884453568
CASC3,0.0169471450994491,0.724485424514897,0.00836200938029804,0.871629323737816
MTF2,0.0168766408444613,0.571735128783634,0.00616359888494233,0.866294616057843
CCND1,0.0165701258564274,0.847823438703861,-0.00689491083750719,0.95035903330433
PLEKHM1,0.0165532588506053,0.840494525563834,-0.040769137701558,0.609078066980127
ATP6V1D,0.0160816425740585,0.711339405918615,0.0228370553813371,0.693295266346489
VDAC1,0.0159755741347082,0.743748555481819,0.12428066264239,0.00572151035025612
LBR,0.0159320765268386,0.808809009632715,-0.137736215479262,0.133931895250921
RAP1GAP,0.0152757594859388,0.875616685495891,-0.0357679371914118,0.401113460668263
ETS1,0.0151804199512809,0.805922641821655,-0.225249316680657,0.00621123814443141
RSU1,0.0150797051097422,0.770412127699586,-0.0391255984714859,0.524181144855015
GNAI1,0.0143920363492991,0.720022711257274,0.0180342033898749,0.623602147348304
TOMM70A,0.0142162483911273,0.863441398407697,0.0342769150994317,0.402562298715331
ADAM10,0.0141919757476558,0.767801306366424,0.0224797016588049,0.669270168905562
MACF1,0.0139748857128969,0.715056785825192,-0.0930659133461718,0.0923186698536297
TERT,0.0136861917143244,0.957106688797343,0.113609527958772,0.50297635461175
PAICS,0.013547174879512,0.759037258515365,0.111644425366038,0.012838155062068
FAT1,0.0134884477746917,0.82608738414375,-0.0299577939161062,0.634430012283591
ACBD3,0.0134647409848636,0.717634777458114,-0.0180252561832268,0.762570394227048
RPN1,0.0132018898886888,0.739501452564589,-0.0827323766663535,0.0313610335509526
ATP11B,0.0127395476354412,0.834227950847642,0.0848623010105044,0.111478902766089
KDM5B,0.0127075935727447,0.746603829354489,0.051315455956994,0.204328193951891
NCOA3,0.0125111522552577,0.799789919229929,0.0588628187528671,0.204281746607799
TATDN2,0.012122659308133,0.758188777356448,-0.0670792558936141,0.131239141941235
SMAD3,0.0121058907099252,0.881659690677559,-0.0121864250745489,0.916301018956273
DHX29,0.0120971045092243,0.747314882024801,-0.043379382274343,0.308729386612437
PYCR1,0.0120959380259675,0.939538844563282,-0.158585625445473,0.323121461906868
KAT6A,0.0120863530047437,0.777303220681669,0.0200408986350537,0.710470581456905
SCYL3,0.0120049552889919,0.847977525079792,-0.0390524113529671,0.431792429516136
SUZ12,0.0119906787874376,0.7878129755553,0.0248497875352234,0.61981080908947
RFX5,0.0115737944695071,0.851344057937997,0.00965340968324596,0.991151685903512
PWP1,0.0113688402217852,0.809124267884619,0.0488912572995133,0.32129142067093
HMOX1,0.010846265082687,0.928789782189101,0.00911735654062611,0.949464251541411
ITGB1BP1,0.0107590751463244,0.89276803899927,0.0264997059391631,0.73237234240695
KDM3A,0.0106854458561159,0.887114497650373,0.0638297660302962,0.140420840467797
PCNA,0.0103021529663027,0.831368824782991,0.149454810265201,0.0102992732316262
FAS,0.0101063816041422,0.940046686035999,0.100407502276652,0.615309905207634
ALAS1,0.0100404986197684,0.81214374632433,-0.00894923864601666,0.860644748634669
ACOT9,0.00989674343428771,0.866039056597681,0.19619857248942,0.00517013421205917
APOE,0.00915808071056231,0.851954576885072,-0.18420268638038,0.00356416272605311
DECR1,0.00904286064031053,0.866129160997213,0.0106564986467711,0.869148438279225
MTFR1,0.00857997305483497,0.933253771164655,-0.0553786348353741,0.506861861065431
KIF20A,0.00798908181985274,0.922499674671021,0.0672760369461115,0.525153599988436
PPP1R13B,0.00780156213073861,0.832455849268883,-0.0360514150869169,0.494255187076201
KDM5A,0.00753889544076138,0.810041332287893,-0.0391080095318822,0.273494126184011
ARPP19,0.00753334268433513,0.952191350745644,0.103898909133425,0.386954061541169
PCM1,0.00690489671278451,0.82933250181716,0.025882992952718,0.524243886088865
THAP11,0.00677018953254616,0.900099104968839,-0.0522260716136842,0.455777103717816
PSMD10,0.00663816831774488,0.896310621935804,-0.047730580922903,0.427062755730955
IL13RA1,0.00660987957538312,0.900277041158678,0.0196923143413114,0.864506221367174
GAA,0.00651706670828844,0.916080399542398,-0.0738784171725861,0.229186600170502
SOCS2,0.00648801359573148,0.929819410242009,-0.0885549580361553,0.299396033586679
TJP1,0.00599782140766032,0.87811712033629,-0.0220317728317806,0.576386553112318
BLMH,0.00565705796064783,0.895807435911746,0.0345062128401017,0.551004879803765
ICMT,0.00565299775222886,0.884608147335343,-0.103003621152829,0.0230865343532564
TIAM1,0.00559490909371668,0.933871831191006,0.0216122579633272,0.715796736900157
TM9SF3,0.00543710149786459,0.883832702881228,-0.0172988802006895,0.657342671285143
NOSIP,0.00542071739796536,0.895200776022751,-0.139613979112965,0.014041421079754
FRS2,0.00529844085647867,0.902827461896169,0.0391950163481795,0.455530848886982
MRPS16,0.00524077913127916,0.935748896312101,-0.0171961544699674,0.956293863832562
SPR,0.00502098061266574,0.935641153398696,-0.210310040767232,0.0358701421745769
AKT1,0.00407340510417245,0.917245130500034,-0.0526622351913498,0.244849232200148
CDK7,0.00397317504161293,0.912197926771001,-0.00470438847017654,0.990962755154281
B4GAT1,0.00394070269427434,0.907968265845188,0.00994126388914757,0.835538090993286
C2CD2L,0.00364489795536724,0.96643977331852,-0.0427079155835524,0.497447798831777
HERC6,0.00339788878422766,0.973303424602012,-0.134270896932734,0.262173296522646
YME1L1,0.00273321337601539,0.944047829078177,0.0167528346521832,0.676152910974073
ALDOC,0.00255006861831098,0.947983101248001,0.0181646755420172,0.649559005862958
MBTPS1,0.0019415356082881,0.963169257084656,-0.0159020215434652,0.678509372691037
BLVRA,0.00152566656159146,0.978689319459762,0.0194285031009264,0.773780694563279
NUCB2,0.00126205690136546,0.978789310680713,0.0365619802928383,0.513389091568944
CDC42,0.000914939166103039,0.981239878313398,0.0665306518893091,0.150455621667934
PSIP1,0.00052116661429905,0.986314725564319,-0.0364004020118559,0.362992730438025
RAB21,0.000438486557184504,0.993017999249034,-0.0115874107787,0.817977486345142
TBX2,0.00014348723040393,0.999289066729852,-0.29078605318325,0.136967785446273
HOXA10,0,1,0,1
HOXA5,-1.32529288490449,0.112985677977975,0,1
FOS,-1.06200632576151,0.0120137805894159,-0.896075960656144,0.0329715360096816
COL1A1,-0.706168611946526,0.00299956136008847,-0.174605343497444,0.633470392110734
UBE2C,-0.598028853604386,0.105493028437246,-1.43563700810477,0.0238651955576956
MAPK13,-0.55640202916647,0.589331216275041,-0.301970515583931,0.36000039440224
HSPB1,-0.487802881274583,0.0757449040058358,-0.493953909230028,0.114688804170946
IL1B,-0.461168045104368,0.273502993574897,0.834678706269894,0.0501021110591018
HSPA1A,-0.447313341674001,0.0307811992251732,0.232221253777849,0.278900883247056
C5,-0.428439436624698,0.23539081231758,-0.452316225438983,0.182942550626785
LOXL1,-0.42126479863319,0.0552255890964206,-0.350037667841968,0.178706558821387
DSG2,-0.419040510123406,0.107183275101911,0.0280578164840912,0.895057091393475
FHL2,-0.4181048871576,0.00254882676194422,0.0204468380649673,0.809266182922277
PSRC1,-0.40516805771791,0.0519025223748417,-0.162795786893042,0.144611185406038
PEX11A,-0.381667831922658,0.434110117228792,-0.695359850249492,0.132181185840101
RAC2,-0.37712257207306,0.14445043108195,-0.37553794586518,0.227326143247351
HES1,-0.371232628666766,0.00596728878919741,-0.10278385835637,0.264304573612117
CXCR4,-0.367748526996213,0.279901850740058,0.404946483812895,0.108665004031005
PTGS2,-0.360094893303352,0.0159745913004841,-0.31680115995648,0.0118191169399133
CCNA1,-0.338632369819837,0.458505001710122,0.19189809576868,0.393902415619598
SATB1,-0.337247309183654,0.0322016832647696,-0.147280208821276,0.177650163522492
DUSP6,-0.334717830828904,0.00011258044671517,-0.297049752180181,0.0327791940812853
CEBPA,-0.334357128296215,0.0307383933117031,-0.1943746024544,0.164833335084767
IGF2BP2,-0.331393461568558,0.147799716780715,-0.0458311143122255,0.861528667406105
EGR1,-0.326986271187643,0.0201124625314168,-0.31518395995521,0.0930393259551004
TBXA2R,-0.311370042303856,0.327868019679533,-0.0446907796888632,0.908342206726935
TFAP2A,-0.310339974181489,0.310419468126525,-1.12595108330804,0.00337717359591961
GADD45A,-0.308632505330173,0.0150689814794766,-0.385952784934643,0.0149227707123856
JUN,-0.30684543545508,0.000364950396485726,-0.200189412663052,0.244320167249669
NFATC4,-0.294067996180101,0.177199417014818,-0.178642473212746,0.499179342464822
PRR7,-0.293569714732538,0.141010844072515,-0.317994579911196,0.00247419503232445
TRIB1,-0.293022843641228,0.0158148632993197,-0.334382997535889,0.0616029646343613
CDKN1A,-0.284175236783169,0.16516627343215,-0.201423546144748,0.266232446191713
PPARG,-0.27894452478715,0.213909307701613,-0.0742363329546783,0.494531448715493
HOMER2,-0.268643241226095,0.123043612716401,0.00651366008493053,0.90270109557611
BIRC5,-0.268253552493592,0.220758758512407,-0.0118088047600139,0.956513877518049
MYC,-0.259868128126877,0.174023976808822,-0.243004405041402,0.196091116825136
PDLIM1,-0.25540452728578,0.160411458257619,0.0689516311312488,0.539102937774221
PRSS23,-0.249505882695082,0.0360675886701021,0.0361611263650253,0.79191234669599
TIPARP,-0.239094592206228,0.0502126818031419,-0.320540921139085,0.0867348536177982
DYRK3,-0.233378490517059,0.102498667406393,0.0258528444828661,0.782094234858373
CDH3,-0.221852503729036,0.658939339867544,-1.18592827584378,0.230369292551379
TRAM2,-0.211352847722886,0.639034611158457,-0.0635216653356639,0.865907501275629
STX1A,-0.210695532724444,0.0375929669024536,-0.0621546437525525,0.408040693858099
PPIC,-0.203554709479555,0.175284367757309,-0.216408229695366,0.284289979207403
CCNB2,-0.202982334252682,0.238010408031918,0.194760580704149,0.410023683456069
SFN,-0.200831928329991,0.324271852773505,-0.360657015694418,0.284874099799052
METRN,-0.200287632617271,0.030066348866093,-0.248827522852286,0.0312772229624735
DDIT4,-0.197635372426812,0.0694275157339059,-0.187303523589381,0.257420274254979
ADRB2,-0.196938505167932,0.264811424662404,-0.024268229099892,0.889286619530175
AURKA,-0.19633875847476,0.069786030203406,-0.0757598312052199,0.685138244306773
ST3GAL5,-0.194614481719199,0.0696420586855301,0.0158687038176769,0.826312826314671
CCNB1,-0.191767133075122,0.520944638000444,-0.239537798617283,0.73569390725724
DUSP3,-0.189837156502485,0.00266554565666293,-0.0787100495686878,0.122604039050816
ABHD6,-0.187743280211529,0.001963660499162,-0.0816466471028204,0.207399379776274
DUSP14,-0.187110557464994,0.0680818034571586,-0.113498077932268,0.252910834686398
RAD51C,-0.183254830105896,0.143791836014448,-0.092291407619865,0.409652472408976
SCAND1,-0.181300165104318,0.322684409315602,0.108343940131186,0.359566100592381
ATF5,-0.180933686838166,0.174457921345325,-0.214253600320924,0.100431841950805
IER3,-0.180370474551666,0.20573611036899,-0.0807750536678709,0.459344462511482
DNAJB1,-0.174376413770238,0.00363810728706937,-0.147324818439776,0.0572257913518344
ID2,-0.174235387038767,0.0472871636438497,0.166371803768322,0.00224122996038832
TGFBR2,-0.173340317244208,0.00875292682705439,-0.131988751308013,0.213506732616849
LAMA3,-0.17327751714923,0.0177739701177577,0.0295204773403228,0.778000254713253
TMED10,-0.167880273118703,0.0273811382380631,-0.000652096840488528,0.995357264604469
INSIG1,-0.167245152753549,0.0474868999160298,0.0574947182666855,0.569670305008073
PRR15L,-0.166747091432309,0.582629720197623,-0.0504139203079923,0.912277665461659
TNFRSF21,-0.166042821398099,0.015619666617305,-0.0387472230153892,0.443082095258994
TNIP1,-0.165502384850136,0.0463603424046982,-0.129742617015029,0.076593050388767
UBQLN2,-0.163618785428719,0.0194068787161935,-0.0158512510570101,0.8464823332242
BUB1B,-0.163155208387222,0.482092883111348,-0.26179243757309,0.239114115955929
HTRA1,-0.162009546834088,0.00435953629932659,-0.195787553074519,0.00653190686411696
ADGRG1,-0.161504601820205,0.163300054998935,-0.267239373539576,0.00434663499431818
RELB,-0.159414115860903,0.224209517319261,0.0359002268926691,0.803337394275462
MYO10,-0.157818030910216,0.108211512833555,-0.161974849677361,0.0596635035854668
AURKB,-0.15548492489574,0.643999918682652,0.0439292626876518,0.930787242774887
MAPKAPK3,-0.15455074667797,0.283852272165103,-0.018207037951939,0.918830862565903
CDC20,-0.153306427388188,0.51618957026211,-0.367496538191516,0.366648753415681
PRKCD,-0.152257151983204,0.591658142493231,0.103376355039282,0.739000225894581
GLRX,-0.151147745891439,0.206286242245472,0.396019014575688,0.000443979818127353
IGHMBP2,-0.151067981959631,0.0428860687594345,-0.0243139160750198,0.745398223287336
GRB7,-0.151029277248527,0.304830135783508,-0.365822405835049,0.272975321138574
PACSIN3,-0.150113041669917,0.0081050544897376,-0.11902667263244,0.125550490574624
CSNK2A2,-0.000711694205241185,0.987543634416103,0.150773603779531,0.0135799935821964
EGF,-0.000730703468663423,0.994602312505468,0.0380507212592316,0.989359001107093
RFC2,-0.000886774050219305,0.986208069358459,0.0670067607601783,0.217923238512027
CSRP1,-0.00114939625222143,0.986570710765444,-0.20151314547143,0.202965030084913
BACE2,-0.00115921226905283,0.990863778920241,0.487798977779208,0.0197677294054017
MAP4K4,-0.0012102459431121,0.976242075918063,-0.214240533040759,0.00814661744411462
CBLB,-0.00128350847500883,0.989125929466507,-0.0172199726540317,0.88133426071374
NUP62,-0.00159596583299484,0.977264925994194,-0.0108220363446321,0.869312263789525
ZDHHC6,-0.00164808867038169,0.968499658533442,0.0370025247570797,0.477446617663056
EPRS,-0.00181260085216646,0.952668185629331,-0.0822704356986224,0.0409797692398537
STAP2,-0.00222933283176975,0.990333498750715,0.199814846856416,0.241661053747745
ZNF318,-0.00233495909646661,0.943010356904735,0.0478412072378192,0.367881631645918
PHKG2,-0.00236235919790635,0.965825070185962,0.0619148344316318,0.366161542996213
CNPY3,-0.00248233528799929,0.954871995039436,0.00254359943118399,0.956159486777587
ABCC5,-0.00303324683581266,0.931877125376127,-0.0196465478179945,0.728037698909535
GABPB1,-0.00303609342222067,0.94929006132846,-0.0493576044932083,0.4297898763852
GNAI2,-0.00309336995182308,0.956480074649537,-0.0880525171957871,0.0521023565731242
SHB,-0.00320363113525822,0.983516611176423,-0.0659151226865088,0.734760019445864
TCFL5,-0.00357826540083623,0.981698484139385,0.116016428831317,0.33662191065601
UTP14A,-0.00372257783597568,0.935749194402473,-0.0105651800735319,0.849571563590833
TBC1D9B,-0.00413471394455957,0.904655449585438,-0.020587857351221,0.627669182581181
COG4,-0.00435756748019331,0.902322468609157,-0.0731034027263909,0.0713246862708847
TP53BP1,-0.00477015017782541,0.913369571664678,-0.046733681045502,0.240950629247894
NFE2L2,-0.00487196105792665,0.946075904162015,-0.0814535302682716,0.299280860582957
CANT1,-0.00490661357464664,0.901145439177488,-0.0263408134114945,0.614078444345861
APPBP2,-0.00505618501358186,0.894569725001795,-0.0492979684639332,0.272817042920106
TIMP2,-0.00569604734619046,0.916377645574641,-0.0759810720315993,0.224010860543473
NFATC3,-0.00573567593802465,0.923969568071961,0.0374086467108829,0.548360339609665
MOK,-0.00578611003275227,0.925362485631668,0.011348701870531,0.909315883877526
NENF,-0.00590993765233506,0.969714802057504,-0.0915755744795613,0.564153963331265
MRPS2,-0.00638614382348117,0.891082823248368,-0.0348999357423968,0.619252214349061
GDPD5,-0.0067672643989096,0.957765027405387,-0.00851987152772803,0.925973450832734
MPC2,-0.00683497722542215,0.880579893281459,0.0702348638482541,0.246146780144927
ARID5B,-0.00728039196415991,0.938140332287678,-0.00581906819492234,0.938494021850653
FGFR4,-0.0074243881567735,0.994074140102596,-1.07013970820808,0.179376657901288
FBXL12,-0.00746989681661182,0.950788419010981,0.00280181702747439,0.984726689514479
ELOVL6,-0.0077062867102301,0.885207773587978,0.0105765628947464,0.847975160746749
EIF4G1,-0.00771645845922533,0.78391794759153,-0.0745808204306696,0.0610272184093244
ITFG1,-0.00772049007470247,0.856086172474621,0.0517231044725207,0.254544450920802
SLC11A2,-0.00786518974354609,0.836943906295502,0.0782609329490111,0.0990127636224622
TSKU,-0.00793598110408899,0.967441700049733,-0.360734079170505,0.0851051938479041
CREB1,-0.00849860319333793,0.811073096498567,-0.0162673089675004,0.687993551988081
RASA1,-0.00881074022765066,0.751942342107998,-0.0225455911742401,0.527696444483139
YKT6,-0.00885768598908984,0.815407358430544,-0.0902882211601448,0.100160575730391
DUSP22,-0.00902372814729815,0.845706222459895,-0.0616917135175688,0.23226241226743
PECR,-0.00913354374710996,0.928391554724508,0.183814131459857,0.169458522957726
FAM63A,-0.00926328365589851,0.880590603264546,-0.063367475573385,0.456094637823774
MTA1,-0.00950239428782308,0.892170891028624,-0.0156028816492047,0.80079451256621
PNP,-0.0100888527441158,0.910889826004238,0.456331725884029,0.000989185277161271
DAXX,-0.0106077233439949,0.826128425213023,-0.046554764988633,0.473451576015678
TSPAN3,-0.0106566933328283,0.791590506265174,-0.0298472301413806,0.46727018589544
CRYZ,-0.0107489526696371,0.895105169752106,-0.102466364455327,0.27128028406489
ADCK3,-0.0110065929519708,0.855241990138164,0.0117709862297338,0.817840085503168
CEBPZ,-0.0110758038935525,0.763523621061393,-0.14310069127934,0.000775202758350684
CDC25A,-0.0113938868451689,0.931508213776651,0.110929106385614,0.198296395613228
UGDH,-0.0115651189052167,0.840617018514031,0.0284979682699105,0.645068866027262
CSK,-0.0120608326252382,0.83473647730008,-0.0224761628664697,0.793919993216642
NRAS,-0.0123575508937897,0.770748810949536,-0.0285948317399908,0.509907722713276
AARS,-0.01242715773713,0.751574687923573,-0.0387711207212234,0.354884073142747
WDR7,-0.0124536016462934,0.685575189511298,-0.0243887451069087,0.554936172574504
DNMT3A,-0.0126785222495025,0.80494997385342,-0.0170818711117093,0.805473570870424
PTK2,-0.0131884803789004,0.691959675667038,-0.0531072699366937,0.185210562194499
FSD1,-0.0133376866533644,0.746807601777014,-0.151095639133995,0.00640034091984158
FOXJ3,-0.0134383183508216,0.70516925072118,-0.0151948326302012,0.688892434242769
CHAC1,-0.0134756494650182,0.923061697707506,-0.00928359759544465,0.946384724515173
GNAS,-0.0135750469626367,0.921083281888324,-0.0594102871983109,0.251287074513241
PSMG1,-0.0135855386566346,0.801766694153566,0.0202302895103672,0.810621461295217
HEBP1,-0.0136379533536767,0.838160685923965,-0.00509425668427513,0.920460917862213
EXT1,-0.0139567051668749,0.751687244536555,0.00214518836324116,0.964334158929387
SLC35B1,-0.0139763190510559,0.752214401383856,-0.0635065609741922,0.206766068290717
S100A13,-0.0140220826273588,0.832106878652253,0.00283367244468034,0.972623479763346
RPA2,-0.0141636915995356,0.808072209851361,0.0743703106563225,0.458173353220371
USP14,-0.0146972743605308,0.692560391787558,-0.0341546732941119,0.489095152513166
CEP57,-0.0147101859002935,0.716943741196706,-0.029160606881403,0.548416686973462
CHERP,-0.0149672169952173,0.86622468696562,-0.0197415811697879,0.850399444829521
HLA-DMA,-0.0153924088156291,0.859801678187821,-0.100601303639065,0.273467532391116
LYPLA1,-0.0162771131280685,0.750061114824967,0.0387644325771976,0.48417682462795
KLHDC2,-0.0164492217835626,0.79463786362398,0.0463446056369523,0.277794418055451
NT5DC2,-0.0164868664644348,0.889155876456647,-0.0886465884404638,0.64689727995922
BAMBI,-0.0165015101000756,0.908615600205581,-0.158850553839968,0.331514815559377
SORBS3,-0.0166123507816303,0.854589852841621,-0.281071103462125,0.0926490724812812
PIK3CA,-0.0168102130085991,0.618329787916308,-0.0456969987405094,0.258262228752792
NSDHL,-0.0168186706009943,0.78011913035289,0.0674117113232957,0.369324252062716
BNIP3,-0.0168431797527257,0.780243205132023,0.295084710082896,1.68928686099412e-06
PIK3R4,-0.0170329469259679,0.724687605994898,-0.0109924628434711,0.837414180688262
CTSD,-0.0174366186634678,0.673926578223024,-0.10766724271039,0.00527016196324081
BPHL,-0.0174701240647784,0.715719259680393,0.0409965781983185,0.600758405629097
PARP1,-0.017581205904127,0.712957716284194,0.0756438456206166,0.0534909180831598
SQSTM1,-0.0175844231048881,0.620423096737184,-0.110988128533698,0.00765649691602265
TP53BP2,-0.0176831669020734,0.694251214114588,0.041046312689974,0.593047730500608
FOXO3,-0.0177470721835695,0.844658421494055,0.00533371716225697,0.943355278965688
CALM3,-0.017773303720945,0.675830969588932,-0.066011159884887,0.240040708449878
LIPA,-0.0182387085281964,0.871411222793204,-0.0507052682861521,0.41974833940251
DCUN1D4,-0.018477616200305,0.606967052972194,0.0462786093416476,0.30618689815106
CBR3,-0.0188367226910468,0.893483578646402,-0.287666330885857,0.0111884844800291
HS2ST1,-0.0189271041909227,0.540942507852022,0.00117212892195574,0.983649118634405
GPC1,-0.019202570163431,0.675260016294555,-0.200453446815601,0.000537659379622033
ATP2C1,-0.0192053418343069,0.630687950519919,-0.0427197071691427,0.203928937368289
IGF1R,-0.0195775167546899,0.660798547836741,0.00110024582756614,0.983248957088073
RHOA,-0.0197145300767043,0.625535565696679,0.117707839309314,0.019735059797548
COPS7A,-0.0199348926052725,0.625530237683353,-0.0259188182373396,0.609511945552832
DNMT1,-0.0199383197990518,0.591571648550325,-0.120638304852408,0.0213123679412839
TOMM34,-0.020252569283081,0.630479448507646,-0.0143276951722692,0.789781023306117
NUP133,-0.0203439320963219,0.559647622910895,-0.0296355847178691,0.492507538601945
GMNN,-0.0204267753567075,0.813726973883608,0.144356547994019,0.204012777356108
TXNDC9,-0.0209229965957155,0.602377537674306,0.0163811010597663,0.686237877476076
SKP1,-0.021229393060504,0.657956781463573,-0.0295716931518091,0.5116033220124
CAB39,-0.0213338151268211,0.618917915397703,0.0093845452783745,0.806756435184356
MBOAT7,-0.0213366850173318,0.622135165204699,-0.0227278844682056,0.710623585993593
E2F2,-0.0214911916222819,0.941876932801246,-0.00828331180180891,0.970318255824591
SPP1,-0.0216206673572824,0.935524280768741,-0.390716531290918,0.188879307095987
DMTF1,-0.0217130743862071,0.566734513255857,-0.033436823933717,0.41064690622684
SNX11,-0.0219046072694302,0.685549867129634,-0.0539235594072452,0.28710623508507
PLA2G4A,-0.0221004052402814,0.815097035391525,-0.08420367663763,0.676192387087478
EVL,-0.0222251045928525,0.527143010449748,-0.147691773553075,0.017990101895576
KCTD5,-0.0227419051916121,0.553579468241444,-0.0553763575908629,0.406302724678128
PTPN12,-0.0228813131607079,0.627623558881745,-0.00731959584256375,0.888935961763642
PAFAH1B3,-0.0229095043487687,0.920397863391449,-0.125657307138089,0.234431290942923
INPP1,-0.0234185760798328,0.636513782342746,0.0311314980794452,0.554045668995103
CLIC4,-0.0234660646623723,0.831225642268428,-0.175727255846478,0.374518996484899
CCNH,-0.0235062846688112,0.677461926676316,-0.00909563462939467,0.859123560678123
SNX13,-0.023619918796267,0.453204916841111,-0.0368643000360837,0.342977644050238
SMC1A,-0.0236328573816165,0.510968401580274,-0.174020602819453,0.00303164245811756
LRPAP1,-0.0236839643759092,0.628397811876488,-0.0678384297419153,0.0917422851512699
SCRN1,-0.0240739183486876,0.56686362768423,-0.0328102453287959,0.540504268784471
SMARCC1,-0.0243383365819968,0.655002995860797,-0.0317348203297099,0.550557358433935
RBKS,-0.0244233211362098,0.747899182775552,-0.027742608094855,0.862659012299896
CLTC,-0.0246042939940771,0.595379664544737,0.0340199684740019,0.360158869102425
TRAPPC3,-0.024784457628686,0.53349563347451,0.0273612373234621,0.629901804374874
PRKACA,-0.0249062566913438,0.581915586700413,-0.0755284110471937,0.19986349054314
GAPDH,-0.0251366282615087,0.713922413732358,0.140583194265578,0.0321124228438361
RAI14,-0.0251458971081501,0.835179393401536,-0.110555263375944,0.520271719900928
RPS6KA1,-0.0251957702270522,0.735570821728794,-0.093037171905511,0.249694500211815
NMT1,-0.025304582541722,0.460054738846906,-0.0791913818732045,0.0854085694451974
STK10,-0.0253807852481397,0.753955097684261,-0.0675271629875218,0.403943539848986
NOLC1,-0.0254439318007822,0.432781208315427,-0.0217850303404209,0.655739663909576
MBNL1,-0.025968015443157,0.599475199565253,-0.00354950937658523,0.924012141247508
SLC25A4,-0.0260316373793543,0.537845868522821,0.0907977716641593,0.0723809257380285
SLC25A46,-0.0265163081049998,0.527748390136929,-0.0288948704937681,0.474884713967753
STAT3,-0.0265164067807358,0.499210086981509,-0.171686359142536,0.00116182070652172
PAPD7,-0.0265262750770085,0.518800515224591,0.0107620496811082,0.860663463416019
CTNND1,-0.0266503640574608,0.608103241553869,-0.0249449798677745,0.634496639070325
BECN1,-0.0266688260743233,0.409920266605061,-0.04251779955486,0.356423053093943
HN1L,-0.0266994593065363,0.813263284262661,0.0340968785205023,0.75016599902111
EXOSC4,-0.0267121574183669,0.688234547399506,-0.00351452255609529,0.969996391947218
SLC1A4,-0.0267312402937522,0.460269638541759,-0.120541288690234,0.00900912411552554
C2CD5,-0.0269457257751295,0.596925370807799,0.0761085637707342,0.154431475444875
POLR2I,-0.0269500732038195,0.679149838502519,-0.0367321733813498,0.588417313831397
CDK5R1,-0.0269719907986193,0.659566930396155,0.0138892454042008,0.811739385852564
SIRT3,-0.0273139116750596,0.635492629732219,-0.00681275142816401,0.949266237064314
CDK6,-0.0273286284980224,0.919243414289216,0.010868484338907,0.949228017251592
ZW10,-0.027485272864197,0.509564995162381,-0.0100490956938922,0.873020075280563
USP7,-0.027486990666522,0.43045632959141,0.0104325517598703,0.778546862884751
BID,-0.0276412843267936,0.815218358205186,-0.0631914569680294,0.568081790872472
ATG3,-0.0276560602665502,0.531099028533112,0.021594034958706,0.668512131630818
SPAG7,-0.0278192875311303,0.434304204734505,-0.0280072477079491,0.664436689721498
NISCH,-0.0282861944834153,0.569994257714411,-0.0863261547441103,0.078653098023004
ALDOA,-0.0285520624767203,0.524695188931765,-0.0557930274085976,0.248224855594758
STK25,-0.0291614785523987,0.332885727969241,-0.0897024186470194,0.0601791593040291
TLK2,-0.0292366437589163,0.385857475708686,-0.0412946473908495,0.304497152736669
PAFAH1B1,-0.0297169779307091,0.489370251350002,0.0400601013790602,0.262726736316632
SYPL1,-0.0297220269073983,0.501709280649805,-0.0114684527773596,0.852059169252128
OXA1L,-0.0297684817293283,0.476719931137945,-0.0155535029750523,0.909237965785472
CLTB,-0.0298762011426972,0.464653261721047,-0.00569072327633041,0.926617481834368
ARHGAP1,-0.0298860392276339,0.414052633249715,-0.0324242995009574,0.571849087870876
HEATR1,-0.0302265811036529,0.437439359918061,-0.00429127174487038,0.918443413515633
PCMT1,-0.0302541868367123,0.441209828727038,-0.0317239235265445,0.464885519417452
PIN1,-0.0302565134652133,0.486788011383174,-0.032979959476199,0.613424673770487
FBXO11,-0.0302860393145079,0.499348947964613,0.0552531704044302,0.271000241422579
DERA,-0.0303458748665324,0.803457588493016,0.143393353194625,0.402663547569967
JMJD6,-0.0305853872451107,0.533622050676364,-0.0637326393708665,0.287991416555939
CRELD2,-0.0306087873691898,0.646014836131869,-0.19234840827455,0.0411411540705244
PRKX,-0.030675513889405,0.621133837251111,-0.200032795588419,0.00510455068213445
ZMYM2,-0.0307651991170932,0.412379553198411,0.0333040007134359,0.417988179549816
ADO,-0.0311981133508624,0.4720320031195,-0.0183309597921501,0.819978149763557
HTATSF1,-0.0314388535791168,0.36206137821993,-0.0736966400844901,0.0885852070887806
CPNE3,-0.0316144541877611,0.624030425459202,0.00535305409108581,0.930190053031382
STAT5B,-0.0319018826907938,0.433235381597858,0.00771806378075022,0.873835421836056
PLA2G15,-0.0322002007461898,0.521412803182319,0.0164130433494398,0.772923316278877
ARL4C,-0.0323948721770248,0.72064264043983,-0.123722102716498,0.030769889514894
DNAJA3,-0.032922610037127,0.349806103857765,-0.033599082288643,0.438498731152191
MAPK9,-0.0331851595490507,0.406662484777476,0.0778578890300957,0.096798808134666
TOPBP1,-0.0338242299489467,0.344730709704162,-0.0168278520802079,0.725300983559003
HDAC2,-0.0341718027350815,0.357743138560251,0.0194296828304466,0.640703338680326
WDTC1,-0.0344430580799703,0.462551991255728,-0.0353677837891168,0.451782175529388
CALU,-0.0345463755006343,0.411613337369596,-0.11135883264545,0.0103349122617655
TXLNA,-0.0345902974715345,0.426091841614307,-0.155556545727739,0.000612152506542089
PIH1D1,-0.0350549687642024,0.689856047054417,-0.00869835643465504,0.953932712960832
PTPRF,-0.03526733385012,0.404873793735173,-0.160764828569542,0.0827985875438596
CAMSAP2,-0.0354877952395425,0.272204732537655,-0.0276796811225813,0.474096009507954
PUF60,-0.0356440287789651,0.295516527313334,-0.109783946910526,0.0172375455121028
PXN,-0.036073212419522,0.643620675239295,-0.19009371847665,0.0303628241429633
BAD,-0.0364237258039195,0.545814717801094,0.00282347229839063,0.969664194715813
PIP4K2B,-0.0364370148445719,0.360551407619542,-0.0920989204848476,0.03829374202686
SPEN,-0.0366367005398395,0.434663624522789,-0.0815596671004023,0.272006774006031
LPGAT1,-0.0371327949740412,0.463835909064859,0.0206185663324964,0.668223592196597
ACLY,-0.0372815747762399,0.406843502439473,-0.0537376241344764,0.195365525835943
CDCA4,-0.0373778792855602,0.628977010207957,-0.0639407540261649,0.417175018554365
DNTTIP2,-0.0376405109594102,0.270076094216388,-0.0263280042297195,0.654618585558941
DDR1,-0.038012477161421,0.526593006026957,-0.00802076763187566,0.931596557262646
CIAPIN1,-0.0383006585532634,0.522159719641153,-0.117413568792892,0.0260001583839679
PPP2R5E,-0.0385453942402556,0.443935409200668,0.0739702083031839,0.168637327181239
PSMD2,-0.0387298788727155,0.223294751142096,0.0385279777090023,0.28223741719896
RAB4A,-0.0388163594294199,0.416662684052725,0.107631079904581,0.0854336818201104
PLSCR3,-0.0388859086049659,0.72655589390423,-0.099047014408265,0.307118494535397
PLOD3,-0.038968805909686,0.388313816062904,-0.0594690262637929,0.419410616020013
MLEC,-0.0390470041582307,0.33472546618201,-0.147702381221912,0.00132172951652921
ATF1,-0.0390622290961763,0.489915412406051,0.0784457738134334,0.416907930885637
MKNK1,-0.0392713572072908,0.452817129074481,0.0579152488062244,0.302729484777618
NOS3,-0.0394779504812306,0.676827413104902,-0.258066757452444,0.028856158224727
PRCP,-0.0394858362230925,0.583904064988263,0.0348343567561814,0.687793301587601
NVL,-0.0395790012255104,0.267211472042144,-0.018829497577502,0.841084914908791
USP6NL,-0.0396853352864143,0.570479102905359,0.0300206945385439,0.661845867576992
NIT1,-0.0399741580569327,0.321388383322153,-0.120216719427079,0.0287282760913976
EED,-0.040821418251307,0.332404665667803,-0.0884173947498351,0.222712390049993
GNB5,-0.0408636975728165,0.604648575917483,0.0121359687445074,0.823222614083018
JADE2,-0.0418169176396889,0.47670627086484,-0.00990965444368852,0.897120251606576
SPTAN1,-0.0420353262562835,0.284153277097781,-0.125684312205515,0.01044102604714
VAPB,-0.0421361438676898,0.294843123710233,-0.0534752220770486,0.1796852162237
SRC,-0.0421764407068706,0.37754553582199,-0.108394052873733,0.0564958412608723
NRIP1,-0.0428168919319494,0.522431934064349,0.0865482659719188,0.369276863571944
GADD45B,-0.0428321017006223,0.697316490180991,-0.210879482393435,0.263230841780803
DHDDS,-0.042975567166124,0.232143479051663,0.00670444011469443,0.893966078763227
PCCB,-0.0430319122479567,0.320572088595734,0.0139653931644118,0.791276490973655
HSD17B11,-0.0431094172862001,0.534899761139726,-0.00332709384272291,0.962033404251463
WIPF2,-0.0431198477831348,0.45507832775779,0.0137180310851775,0.818629724312653
NARFL,-0.0431359262088019,0.406503219388852,0.054199652764635,0.351267679337275
PSMB10,-0.0438025757972427,0.729113899442609,-0.0983548522220285,0.244022216609917
TXNRD1,-0.0439700737866896,0.352563163546819,-0.0367842046424909,0.43212666285581
SGCB,-0.0439750360922876,0.468185655553061,-0.0336972609019023,0.515695812150517
SPRED2,-0.044023571425636,0.452594067168834,-0.0550572129205067,0.505423676586738
SENP6,-0.0440947906961728,0.122409881786592,-0.00616854587740817,0.867990058452736
KIF5C,-0.0448076656502184,0.303893971962683,-0.0231591066901829,0.614123864403756
NPC1,-0.0449624365149005,0.304807965711805,-0.0720611553345157,0.288789230109735
UBE3C,-0.0449813395721511,0.243166364244558,-0.00853054568806924,0.820447531620372
APP,-0.0451822572037305,0.228342746737254,-0.11637801426316,0.00628705241795947
ME2,-0.0454743898676051,0.298116685465124,0.0127241584145751,0.78842045056427
GNA11,-0.045477952481668,0.249653020164949,-0.111995693900534,0.0297022089075341
NPRL2,-0.0456535183738413,0.387431724203536,-0.0345751816730126,0.752258608499358
PGAM1,-0.0458713404852604,0.381306102400045,0.528967427245117,7.39855631204688e-11
ADGRE5,-0.0459408364578711,0.567490375698195,-0.284251079752684,0.0175729547448495
VPS72,-0.0460911266533987,0.291863040499407,-0.0118433841331784,0.869445678229714
KTN1,-0.0465943294389682,0.242258832544521,-0.0497164229508031,0.283752898868736
TFDP1,-0.0466187824254353,0.41209444490053,0.123361307715889,0.061261480191926
DRAP1,-0.0472781868467148,0.386108995320296,-0.148003782401425,0.0329441974874721
CSNK1A1,-0.0476719278807653,0.187986272012138,0.0961823723736313,0.0259297358212353
KDELR2,-0.0481718237951001,0.420073471708211,-0.0660686512347203,0.280541020685945
ABCF1,-0.0483475828111477,0.212017332136397,-0.190283321593162,0.00334830635897003
ELAVL1,-0.0488529536708161,0.166124038342502,0.0418280813472788,0.356576427902038
EPN2,-0.0491621743913506,0.233000583687196,-0.0418899871901075,0.301154137296496
MRPL12,-0.0495479992193145,0.530747926135704,-0.247676339878315,0.000263833967455706
ARHGEF12,-0.0496503424495886,0.12289341211549,-0.0324658261824135,0.38772859625689
XBP1,-0.0498895905163727,0.381937395154003,-0.0240161099409231,0.648811962117135
RALGDS,-0.0500830111549164,0.277764414054933,-0.171258602143503,0.0664212015630896
LYN,-0.0503444142222693,0.445645198753346,0.0119517480764134,0.951819849029252
CDKN1B,-0.0503699561163076,0.314378428529109,-0.039481161025784,0.516431239800171
PSME2,-0.0508099859237515,0.393260093930432,-0.0645257156439718,0.721638534679015
RBM15B,-0.0508519567386796,0.239965740805318,-0.102948779102241,0.041140506930085
POLR2K,-0.0508639083440153,0.421614775966588,0.549680559450205,3.62627389634853e-05
ZFP36,-0.0510092508681941,0.762695946108823,-0.221385873140166,0.36430448674483
MYBL2,-0.0513728072841015,0.845664431473713,0.609346127868084,0.0301353503204914
CASK,-0.0514632496917506,0.145090687384868,-0.0299195995227637,0.530087635932944
MICALL1,-0.0515105440829368,0.513021473701042,-0.216926398526639,0.0663583665515909
FKBP14,-0.0515788366523901,0.527640651644043,-0.132782910254617,0.198734964368018
NUSAP1,-0.051849675289788,0.632622203569811,-0.00464521868756624,0.969566326482137
CFLAR,-0.05205061984317,0.333887482903151,-0.165022818435666,0.0585300755132836
PRKCQ,-0.0523690202548757,0.574198396837116,-0.135559711537333,0.466887943913653
RNF167,-0.0530551859616447,0.180401556957063,-0.0267268417282831,0.611802182738803
TRIM2,-0.0534514353325806,0.0887363157643682,-0.0929580155637792,0.0292167897362234
SLC25A14,-0.0538768657718068,0.189858482481086,0.0627128988696445,0.153722497757581
TMEM5,-0.0539662552594267,0.294031614079261,-0.0290145078651646,0.598110506871625
TRIM13,-0.0543931380057149,0.449375955411126,-0.0447750874957833,0.604364514263064
CCND3,-0.054468356864483,0.565139217713325,-0.155241188091052,0.217211194149103
COL4A1,-0.0547564445661103,0.301943455726436,-0.0450917437499643,0.467507632467971
BNIP3L,-0.0548719216210408,0.244691520878335,0.0620372401438706,0.182522463461883
DPH2,-0.0548831030366087,0.429897477017692,-0.0211689582609882,0.803376286267244
ARFIP2,-0.0550859857920928,0.122779608773917,-0.0247686572559675,0.91153490128012
KEAP1,-0.0553505161452451,0.105545302699448,-0.130804519970483,0.00768769174328812
PRAF2,-0.0553671288162168,0.387683268539494,0.148772024791329,0.0586353130467556
DHRS7,-0.0556632303720509,0.190722080669658,0.154431670275487,0.0266044642804561
KIT,-0.0558767568673129,0.316459794333289,-0.111297738579018,0.0922233187733521
NCAPD2,-0.0559587649728793,0.458340088425183,0.0493274049243892,0.330135201180265
HSPA4,-0.0564825382287738,0.141224923866021,-0.0958980361342842,0.0158894740726682
PRKAG2,-0.0567946110547282,0.438977758760021,0.000643848646832399,0.990663361099656
PLEKHJ1,-0.0569141542195889,0.217463804565625,0.0174911299077355,0.840327339655522
MRPL19,-0.057108640063041,0.258982692780861,-0.0227670750852233,0.99533661040444
FYN,-0.0574735624666772,0.0702521417937198,-0.0420123896526341,0.247768966273382
SMARCA4,-0.0576154823854751,0.193991345569642,-0.10223382170528,0.0847991768005127
EFCAB14,-0.0579122861356408,0.224609094989723,-0.0150183113751673,0.802457280240252
BCL2,-0.0583220437279743,0.298797861032682,-0.0487125803773488,0.42085782533237
CGRRF1,-0.0593062792144984,0.249510206581263,-0.0745371184625908,0.288305545505292
UBE3B,-0.0593852106787469,0.400133539026825,-0.0039449636046599,0.949412495003349
STAMBP,-0.0594357177004886,0.621517341547225,0.0367811282987714,0.67980817713154
FAH,-0.059443698489819,0.566741001858205,-0.0207798569445653,0.748188364262006
COASY,-0.0595869874476735,0.236006119024034,-0.0799011011984837,0.138031457324159
TBPL1,-0.0596261470440493,0.0523234209283291,0.0186836200434939,0.686125934249554
NPEPL1,-0.0602994541036251,0.496069661168602,0.0286760985734484,0.782717125191825
STXBP1,-0.06058748652643,0.399216471452064,0.00051638235166339,0.993533159882944
DDX42,-0.0609022417028264,0.0489454378453658,-0.0253246078696387,0.485570379170976
NFKBIA,-0.0609138241286366,0.266846104444162,-0.099882684876297,0.149622990677172
RTN2,-0.0611610892576132,0.270877174075436,-0.136617910597658,0.0190453352698773
TIMELESS,-0.0611993364694798,0.389266202215438,-0.226039001560491,0.0371030564015688
CASP7,-0.0618408814857713,0.613546283371654,-0.0534971435593192,0.652417878745487
SH3BP5,-0.0625189132352031,0.412645877420963,-0.0811334309336863,0.26643751356176
RAD9A,-0.0626651199289726,0.41695267947767,0.113349636576498,0.344423610112522
UBE2J1,-0.0632810274170741,0.244739480161657,0.000111972907096823,0.99812205507983
IQGAP1,-0.0633625834978055,0.175119853821466,-0.062379072291737,0.40177207722564
ETFB,-0.0633911121595319,0.229281218228727,0.005796980829735,0.921980398540543
ILK,-0.0641137450424967,0.144448337833941,0.0615776272160215,0.215503954370281
HK1,-0.0641194514241011,0.256966421548501,-0.0486302647665075,0.336635806374088
HMGCS1,-0.0647162698080442,0.219369441103765,0.0488547669874141,0.368539936679291
HSPD1,-0.0653542191717003,0.12757523728923,0.294740173574487,0.000173097819471853
MMP2,-0.0653771984609041,0.581537165115625,-0.24448792116838,0.188744713958017
PSMD9,-0.0655376847664911,0.196436106001657,-0.0647210695136942,0.290833383084166
PIK3R3,-0.0659115028148107,0.20483691433203,-0.0236455664027417,0.697102476230454
REEP5,-0.0662876486784904,0.113920065688354,-0.0389073645911383,0.329877610009469
ATMIN,-0.0662934141239348,0.0835181031636688,-0.0920420535200381,0.256058775186208
RRP12,-0.0664131063508016,0.15919386626234,-0.152843917967501,0.0130947776937091
CCP110,-0.0667705858824254,0.248892028275616,-0.120904221327301,0.223277775954071
ATP6V0B,-0.0672367737127454,0.0955420118563017,-0.0858107996492549,0.0358901846112046
COPB2,-0.0672380960553231,0.0238234969074735,-0.0410760564794935,0.331825354002545
AKR7A2,-0.0679210396764901,0.433461742412179,-0.139583958772066,0.0797933213384565
COG2,-0.068097259644246,0.0680409255549565,-0.0227566955396481,0.667448328247551
ECD,-0.0684352657925761,0.0935777912071485,-0.0619776153472286,0.183615586941034
DAG1,-0.0690189455941131,0.256552142567238,0.00433205756784289,0.940318444274645
CAST,-0.0696317438988195,0.53093419715239,-0.00559166378696019,0.954602268477265
PTK2B,-0.0700888435233907,0.537480584070427,0.0570808043350092,0.268991794470518
SLC37A4,-0.0701154367866563,0.261975395659329,0.00716694810674567,0.909648849228519
USP1,-0.0701859319607911,0.114443343336871,0.112808969380922,0.0160345457076718
ETV1,-0.0705139773858853,0.340299399335638,0.237772497173986,0.000682253747304285
DNM1L,-0.070916256099717,0.0211621501603222,-0.00665873454708041,0.869382591917589
LYRM1,-0.0716938701374386,0.244120992347073,0.207172127670223,0.0115399377583158
SYNE2,-0.0719506621188468,0.573867419534309,-0.115083051873646,0.2486726250313
TICAM1,-0.0721672205779676,0.564062589044853,0.0653870163307178,0.954157364743264
MAMLD1,-0.0724105362494314,0.444648500863014,0.117562309784979,0.167656331381203
EBP,-0.0725354479483476,0.116740299519712,-0.182287237166683,0.0191525177648076
MTERF3,-0.0725653283732358,0.126834949926296,0.0752496774897531,0.248244207273208
POLD4,-0.0731704718074155,0.329578327320429,0.177948861670031,0.213739745273207
KIF2C,-0.0734487180217287,0.820427421930394,-0.294328508092933,0.608046180274296
DFFA,-0.0740492271553494,0.183233098206595,0.01626820958127,0.768641157179851
PDS5A,-0.0741928520633198,0.0232293930581799,0.000170749427343908,0.996441892230895
CDK19,-0.0744556569077127,0.305533852927851,-0.0638007375151549,0.195685079956211
XPNPEP1,-0.0750624018627132,0.160401802344631,-0.0950874497158725,0.0748898507020718
LAP3,-0.0753015706294404,0.144395636487526,-0.138033675506125,0.153768629260395
MYLK,-0.0753844293673784,0.421350618686519,-0.152371604546945,0.307468767496961
IKBKB,-0.0754337812389815,0.0662727667447987,-0.154326922590547,0.0408456567194998
DNAJC15,-0.0754747296509795,0.250074781540637,0.0454268259924441,0.413756593927329
MLLT11,-0.0762178376379726,0.140676541417939,-0.0488413622566396,0.485745450950775
TMEM109,-0.0776514256493549,0.22334147113873,-0.162269769026924,0.0306697272566956
RFNG,-0.078072602212423,0.418913105508319,0.103769301582305,0.121474927500981
INTS3,-0.0782298902165479,0.0434622774688574,-0.100845131204817,0.0315216826025183
GTPBP8,-0.0789079740320906,0.0992360734901549,0.132210447694186,0.0217074257404007
FZD7,-0.0790083432212238,0.370296002658305,-0.0504340562772401,0.733174788413389
TPM1,-0.0793889840859397,0.362388988880262,-0.000312297831933429,0.993279511890062
DCK,-0.0794538313161246,0.208482362378055,-0.0202440813971961,0.674843919294241
FKBP4,-0.0795502938338088,0.160004694428246,-0.120455472434809,0.060341594111489
MCUR1,-0.0795698689123986,0.264685363004056,0.0460876685949638,0.371405816356887
PLK1,-0.0798019776129468,0.641738330219886,0.163697477410284,0.462209064820321
PKIG,-0.0800795597532939,0.213354233602708,-0.00846577736908877,0.904560805732646
SQRDL,-0.0803547569583416,0.284715299455002,0.0389680981112725,0.746415536769498
MIF,-0.0803553753986591,0.187378877986443,0.137408916891676,0.0327211882281983
ATP1B1,-0.0803641654538689,0.171911846784152,0.0994937438233708,0.0298419330502131
MAPKAPK2,-0.0805431187585078,0.402730188813239,-0.0961355704474363,0.172614820124406
STMN1,-0.0808301620405928,0.531003913790207,0.423223152376964,2.37178459251776e-05
CHN1,-0.0815151996381113,0.44379983482349,0.0225701355607621,0.659058247740862
SMNDC1,-0.0819720678902405,0.0765015337370015,0.018935237616381,0.760259673569663
RRS1,-0.0819967595408211,0.15269792395857,0.0145135853037996,0.795027564600583
PTPRC,-0.0822933613489763,0.39788020326313,-0.15211464229147,0.124286405744944
PTPRK,-0.0823478717963981,0.666531902821524,-0.0766912242322783,0.23482001455571
CORO1A,-0.0823577862698588,0.152653596328039,-0.0542961450496166,0.31780985063371
ERBB3,-0.0828423737407842,0.363119747472385,-0.217748228559183,0.535518162084868
MPZL1,-0.0832579622096735,0.502858864461356,-0.137193823446044,0.290362275906479
BAX,-0.0833576766960855,0.203206822923921,-0.100179198770218,0.309578413413164
EIF5,-0.0837757593781219,0.0950837894587929,0.0310435321413432,0.424886435704267
UFM1,-0.0838498618618126,0.0431439023220051,0.0760163174784985,0.14339715122167
CDK1,-0.0849827412141619,0.760197502653571,-0.118203805638684,0.860340859822319
CCNF,-0.084991968120521,0.387133519234852,0.0212395340158688,0.848211246516639
FPGS,-0.0851223827534361,0.405753736479969,-0.0245527801754332,0.867906616846682
CENPE,-0.0858889136790147,0.527713261787365,0.198595802418692,0.19214731085915
SYNGR3,-0.0859718703838935,0.101922142837438,-0.0799638984705814,0.117508871990113
ENOPH1,-0.0860588735974302,0.0200038475368097,-0.0810531646144837,0.109303951543925
STX4,-0.0865212812055733,0.265834308816057,-0.158341224251661,0.0308761353857859
POLE2,-0.0865499712273062,0.360753579177755,0.14365109691823,0.488923395099378
FOXO4,-0.0888459807911214,0.195260183926359,-0.205101692906095,0.0381595703709776
CYCS,-0.0889339576024603,0.0968281774209768,0.204928095291214,0.00198865791955413
APBB2,-0.0890846479704188,0.0223306738660828,0.0751469568916289,0.136303089992427
ARHGEF2,-0.0899437887152614,0.339201891193626,0.100112354023606,0.0318065258058665
MEF2C,-0.0900701095534631,0.378503889605048,-0.0368668965994302,0.540746474226457
MBNL2,-0.0903923664585679,0.122553154194919,0.0181993255052539,0.657727951532429
ZNF274,-0.0906067665281478,0.127984592784991,-0.112844105841216,0.170715206669621
KLHL9,-0.0907791439973319,0.0386246648736644,-0.0326879931667944,0.369513618455313
NR3C1,-0.0908788430789169,0.0148892540211999,-0.00900738192159504,0.802551343971379
PAK1,-0.0910315374439649,0.196805369461902,-0.0200719548634939,0.721082897683871
GRN,-0.0910988215263985,0.139658280284142,-0.117024537064506,0.0805507508780106
NCK2,-0.0923023475643183,0.105777628042131,0.0901941985392587,0.0978020806446021
RALA,-0.0932428222973757,0.010761074715099,-0.038143392885486,0.41496182336073
GFOD1,-0.0945666023158079,0.336020763696574,-0.0219582790169571,0.798326688845639
PTPN1,-0.0954197248105684,0.242124907388357,-0.0469670933042141,0.418472547264656
CRK,-0.0954293782269086,0.00734005802070202,-0.0186699351366256,0.609870646030235
POLB,-0.0959857082330365,0.0674358586952601,-0.0445163215829811,0.308218257223269
VGLL4,-0.0960155232071264,0.235079891438906,-0.1722539375969,0.039674862216725
UBE2A,-0.0964144495037065,0.0610841482162727,-0.0211945447214523,0.793550645378114
GPER1,-0.0966600181750914,0.45767883278164,-0.204252302926589,0.15136736414853
NPDC1,-0.0982696014720554,0.272006191215736,-0.0809642501340031,0.255233911727138
PPP2R5A,-0.098758646005988,0.0589356922800519,-0.0385902136389255,0.351922360100108
KIF1BP,-0.0993661819253437,0.0019690269499905,-0.00411553947235989,0.927740123617108
SLC2A6,-0.0995225511430961,0.354311919299032,0.0331236130653387,0.665849276339534
DUSP4,-0.100597566753186,0.406700025471423,0.110428381958513,0.432647664007826
H2AFV,-0.10062328529064,0.0221785160426247,-0.0885585611120653,0.118032166505251
SOX2,-0.101170554036874,0.308969684812267,-0.176873565758165,0.0625455802134548
PRUNE,-0.101324557107936,0.0242586586837648,-0.00660289276758569,0.895147066690548
CERK,-0.101790572531989,0.226351820898166,-0.110855540286466,0.0564366877061925
MTHFD2,-0.102087281883639,0.229524649265644,-0.0685139591332369,0.401259161172907
HMG20B,-0.102149497577784,0.347873815636589,-0.180340563448008,0.175188096465274
NR1H2,-0.1034712367033,0.227677599034476,-0.198043209384575,0.021293768659308
TRAP1,-0.104114199739611,0.0285159674631079,-0.061229687998514,0.186602792319508
DLD,-0.107862128001351,0.00803729603852666,-0.0248346290356978,0.568186084177717
TUBB6,-0.10789243691969,0.268249411734974,-0.081283828988287,0.530881636362922
KIF14,-0.107912745042308,0.566755283689597,-0.231680600573828,0.281583141935816
FZD1,-0.108399890749091,0.609466476642242,-0.0933887690712642,0.385238084516956
PDGFA,-0.108416125932633,0.144831382643358,0.155295489986088,0.0368142339045712
MAT2A,-0.110138020938997,0.00360264648107528,0.0966846608584481,0.0573783270962834
NFKBIB,-0.110252893568501,0.349404494721894,-0.144861282184195,0.139714991085806
HYOU1,-0.110473175934575,0.00861247988491396,-0.126223262400831,0.0114563045536136
STUB1,-0.110603306279954,0.00900486390266241,-0.154470087187402,0.00663309182517103
GNA15,-0.110613115963122,0.467301630006539,0.031593036648264,0.856114402663876
TESK1,-0.110794050546621,0.040677308240179,-0.143692307724925,0.058756309787861
MELK,-0.111057383546607,0.324529773905085,-0.138809083915921,0.567351023631741
CAPN1,-0.111197838442933,0.377811798665343,-0.0534490697690906,0.440908173230679
CLSTN1,-0.111670505346979,0.0546627150969847,-0.037485875339647,0.558599520370614
PMAIP1,-0.114519913933821,0.670071640307579,-0.299112614369343,0.104863943193149
HSPA8,-0.114728005714912,0.0827121461615493,0.362977246581965,0.00159899351632079
BAG3,-0.115031672259259,0.336606915922462,-0.150918227605568,0.303395857834414
CHMP6,-0.115836081182536,0.105127314190737,-0.382140995395893,0.000301487167998532
MAST2,-0.117104453338055,0.0376878844765324,-0.0879445637305855,0.123997277626988
DNM1,-0.117332056417032,0.169590370687331,-0.0322932221225653,0.620526491772393
BDH1,-0.117552243435382,0.0108126702235955,-0.0369363173995171,0.49718473630569
NFIL3,-0.118954995766002,0.267901696898668,-0.373566013588454,0.00760982043784139
DNAJB2,-0.119053173904473,0.0321007437802822,-0.126992604371554,0.165909915086409
TP53,-0.119458898540521,0.280407520009523,0.123982481493357,0.272692175883343
UBE2L6,-0.119636717183778,0.52858009276754,0.038687036781231,0.763669892854642
CCDC85B,-0.119911627747509,0.215454519484977,-0.0251176317494948,0.819978198460995
IKZF1,-0.121716341169764,0.319013789706424,-0.0034616296261146,0.976491141851173
TOP2A,-0.123248197394083,0.728524044317244,-0.489983127427881,0.406509818438674
ZMIZ1,-0.123377742438981,0.129152575162055,-0.000137582259805301,0.998618180679818
MCM3,-0.123656994855717,0.398929712282811,-0.13367504002987,0.39994465610445
ERBB2,-0.124016479855196,0.298665729980965,-0.229537009376829,0.178713228728516
CBR1,-0.124670742016504,0.0165269378038472,0.0377016207131163,0.469991271840088
CD40,-0.126870383712195,0.604669602386593,-0.163571723772063,0.516472392782967
TSTA3,-0.128610813965029,0.0645167576445383,-0.0679156004507587,0.423525421169158
CDK2,-0.128649449772666,0.316461687175601,-0.0452506127102111,0.809388069892625
RRAGA,-0.128783906023324,0.122219607511479,-0.0387101687762258,0.543681870819605
ITGB5,-0.129086277832952,0.0151980665027812,-0.102929540180537,0.148698124820732
FGFR2,-0.129427905859141,0.138779907716625,-0.12955106359091,0.507509741825718
NR2F6,-0.130111106422014,0.0886595623605293,-0.0806573300220865,0.368683988716969
LRP10,-0.132655539749642,0.0961030701667874,-0.117252745916073,0.180793820004155
NFKB2,-0.135235024740807,0.329863830425482,-0.25077320377903,0.224530633953867
RGS2,-0.135395231585475,0.0881495311426966,-0.0129479718537752,0.777314382275042
ADI1,-0.136178766320333,0.0435789360724487,0.0645926125838785,0.363351985488387
HMGCR,-0.136255362836482,0.0161559777352951,-0.118572505805275,0.0457266123903605
IPO13,-0.138725922403764,0.126677920226491,-0.0364278349743471,0.507200042146644
TGFB3,-0.13913497330353,0.115705557020389,-0.259100572381603,0.000376517134093216
RHEB,-0.141673140719207,0.0102723769089222,-0.00751611272848211,0.875422366764929
TRIB3,-0.141841861318485,0.671516297780659,0.416081250857228,0.37220837007922
SCARB1,-0.142727344157074,0.220820981946018,-0.0177346790553635,0.838361556534397
GFPT1,-0.143351931702095,0.00332430565604381,-0.050100014562147,0.257820570305754
EIF4EBP1,-0.143767936970816,0.548028509841247,0.0417126286592479,0.758023788949016
KCNK1,-0.144021891925038,0.0846398298921325,0.0324872089633684,0.615705642456992
CHEK2,-0.144972104569571,0.383530842545124,0.0604858612381451,0.792663521499726
PLCB3,-0.145656282380572,0.0202208554164987,-0.221128100475928,0.00807951217354588
CCDC92,-0.146057732033615,0.0968029797656823,-0.0493114005082048,0.524113544748024
CNDP2,-0.146973793516787,0.110572859347915,-0.0402585290600589,0.599080972919965
SNAP25,-0.146976081344772,0.0476516910296923,-0.0423799091704562,0.627042883128017
S100A4,-0.149183877963082,0.321230499710783,0.15743346219648,0.487591092019232
EPHA3,-0.149194478698422,0.234906734628632,-0.202822872580041,0.0687405193483667
